name,group,medium,format,what_it_lets_you_find_out,markets,language,cost,link,extra_links,owner,ownership_note,caveat,beat,where_they_post,year,isbn,audience
Sensor Tower,Data,Data tool,Analytics platform,"The reference standard for mobile downloads and revenue estimates, with annual Mobile Gaming reports, genre taxonomies and ad intelligence. Time-spent figures roll up from top-20 subgenre lists (~62 to 74% coverage), so treat them as lower-bound floors. Excludes China Android. The ESA's data partner for US spending figures. Enterprise pricing is custom. Some free reports.",Global,English,Paid,https://sensortower.com/,,"Sensor Tower, Inc.","Private and venture-backed. Absorbed data.ai in 2024, so pre-2024 data.ai figures and Sensor Tower figures are not one continuous series.",,,,,,
AppMagic,Data,Data tool,Analytics platform,"Free per-country top-app rankings by downloads/revenue, with retention and ad-creative intelligence on paid tiers. The fastest free cross-country mobile comparison. The free tier provides rankings level only, and store-reported revenue excludes third-party/web stores and ad revenue Free features plus a 3 day trial.",Global,English,Freemium,https://appmagic.rocks/?hl=en,,Unknown,Privately held. Ultimate ownership is not disclosed publicly.,,,,,,
Mobile Index (IGAWorks),Data,Data tool,Analytics platform,"Korea-specific mobile rankings and usage estimates behind a Korean-language interface. Covers One Store (KR third-party store), which global vendors often miss. Methodology differs from Sensor Tower, so don't mix numbers across vendors",KR,Korean,Freemium,https://www.mobileindex.com/,,IGAWorks,Korean adtech and data group. Its Korea coverage reflects a domestic vendor rather than a global one.,,,,,,
Sensor Tower VGI (ex-Video Game Insights),Data,Data tool,Analytics platform,"PC + console sales, revenue, wishlists and units across 140k+ titles (Steam, PlayStation, Xbox), with country-level Steam unit splits. Estimates are model-based. Enterprise pricing is custom. Some free Steam stat pages.",Global,English,Paid,https://app.sensortower.com/vgi/,,"Sensor Tower, Inc.","Same company as Sensor Tower following the acquisition of Video Game Insights, so VGI and Sensor Tower figures share a vendor.",,,,,,
Gamalytic,Data,Data tool,Analytics platform,"Steam revenue/sales estimates, wishlists, audience overlap and country splits (a cheaper second opinion next to VGI). Estimates are model-based. Methodology differs from VGI, so pick one per claim and don't average vendors Starter $25/mo, Pro $75/mo.",Global,English,Freemium,https://gamalytic.com/,,Independent,Small private operation.,,,,,,
Steam Charts (official),Data,Data tool,Analytics platform,"Valve's own concurrent-player and top-seller charts, the only first-party Steam numbers that exist. Concurrents and rankings only: no units, no revenue, and no country splits",Global,Multilingual,Free,https://store.steampowered.com/charts/,,Valve Corporation,Platform-official. The only first-party Steam numbers that exist.,,,,,,
SteamDB,Data,Data tool,Database,"Community-run Steam database: player counts, price history across regions, metadata, patch history. Scrapes public Steam data",Global,English,Free,https://steamdb.info/,,Independent,"Community-run and not affiliated with Valve, though it reads Valve public data.",,,,,,
GameDiscoverCo Plus / Hype,Data,Data tool,Analytics platform,"Steam discovery & ""Hype"" analytics, pre-release revenue predictor and release heatmap. Developer intelligence for pre-launch data that complements post-launch estimate tools. The Steam data product for the GameDiscoverCo newsletter Free newsletter. Plus around $150/yr or $15/mo, Pro offers custom data.",Global,English,Freemium,https://plus.gamediscover.co/hype/,,Independent,Operated by Simon Carless. The same operation as the GameDiscoverCo newsletter in Tab 5.,,,,,,
Stream Hatchet,Data,Data tool,Analytics platform,"Cross-platform livestream viewership and free quarterly trend reports. No common metadata field. Per-game exports historically exclude TikTok Live, which is a large share of Korean live hours. Claims platform-level TikTok coverage but requires a sales call. Free Starter tier with leaderboards and limited depth, plus a paid dashboard. Free quarterly reports via GameSquare IR.",Global,English,Freemium,https://streamhatchet.com/,,GameSquare Holdings,"Owned by a listed esports and media company. Its free quarterly reports publish through GameSquare investor relations, which is also a row in Tab 8.",,,,,,
Streams Charts (Esports Charts),Data,Data tool,Analytics platform,"Platform/language/country-filtered streamer and game rankings. Covers SOOP Korea and Chzzk, which Western tools miss. Language filter ≠ country filter, so know which you are using and why. Short public history windows on the free tier PRO per-platform subscriptions and an Enterprise API.",Global,English,Freemium,https://streamscharts.com/,,Esports Charts,Private. Same operator as the Esports Charts row below.,,,,,,
SullyGnome,Data,Data tool,Analytics platform,"Deep free Twitch historical stats per channel/game with long time windows. Twitch only, community-run, no listed methodology",Global,English,Free,https://sullygnome.com/,,Independent,Community-run with no published methodology.,,,,,,
TwitchTracker,Data,Data tool,Analytics platform,"Twitch-wide and per-channel viewership/streamer stats. Good for sanity checks against SullyGnome. Twitch only, community-run. Small differences vs SullyGnome, so cite one, not both Optional premium tier.",Global,English,Freemium,https://twitchtracker.com/statistics,,Independent,Community-run.,,,,,,
Playboard,Data,Data tool,Analytics platform,"YouTube channel rankings with strong Korea coverage and Super Chat leaderboards. Provides estimates, not platform-reported data",KR; Global,Korean; English,Freemium,https://playboard.co/,,"Playboard, Inc.",Private Korean company.,,,,,,
Social Blade,Data,Data tool,Analytics platform,"Quick creator-scale triangulation across YouTube/Twitch/TikTok (doesn't filter by gaming creators). Estimates with wide error bars. Use for orders of magnitude only, get actual numbers elsewhere or confirm",Global,English,Freemium,https://socialblade.com/,,Social Blade LLC,Private.,,,,,,
mindGameData marketMind,Data,Data tool,Analytics platform,"""mindSHARE"" cross-platform popularity index across 100+ countries, weekly (search/video/streaming/PC/social). Proprietary composite with an opaque methodology Subscription, custom pricing.",Global,English,Paid,https://www.mindgamedata.com/marketmind,,Unknown,"Ownership is not disclosed publicly., which compounds the opacity of its composite index.",,,,,,
Newzoo,Data,Research firm,Market research firm,"Free Global Games Market Reports with standard industry market-sizing language and some gamer segmentation models. Headline numbers are widely cited but the methodology is opaque Free reports and rankings, paid platform and custom work.",Global; NL,English,Freemium,https://newzoo.com/,,Advance Publications,"Advance acquired a majority stake in Oct 2018. Advance also owns Ars Technica, WIRED and Sports Business Journal, so criticism, trade reporting and market data can trace to one parent.",,,,,,
Niko Partners (Niko IQ),Data,Research firm,Market research firm,"The specialist source for China, SEA, and MENA games markets, with informative free summaries. Paid reports are expensive and the free layer is summary-level. Also tracks Chinese publishing licence approvals and explains regulation for outside readers, which pairs with the NPPA primary source. Enterprise pricing is custom. Free blog summaries.",CN; MENA; Asia,English,Paid,https://nikopartners.com/niko-iq/,,Independent,Private specialist firm.,,,,,,
Circana (ex-NPD),Data,Data tool,Sales tracking,"US physical+digital games retail tracking. Monthly US charts via analyst social posts. US-centric, and digital coverage depends on publisher participation Enterprise pricing is custom. Some free press releases.",US; CA,English,Paid,https://www.circana.com/industries/video-games,,"Circana, LLC","Private, formed from the 2022 merger of NPD and IRI.",,,,,,
Sparkers (GSD operator),Data,Data tool,Sales tracking,"Operator of the industry-backed GSD (Game Sales Data) project. Data covers physical + digital (PSN, Xbox Live, eShop, Steam) + streaming. Weekly UK/EU charts surface publicly via trade press (GamesIndustry.biz). Publisher participation varies (Nintendo absent from digital) Enterprise pricing is custom.",UK; DE; FR; IT; EU,English,Paid,https://www.sparkers.com/,,Unknown,Operates the industry-backed GSD project. Ultimate ownership is not disclosed publicly.,,,,,,
Ampere Analysis,Data,Research firm,Market research firm,"Console/subscription market analysis and forecasts with good free commentary on platform economics. Paid product, and the free layer is analyst quotes and summaries",UK; Global,English,Paid,https://ampereanalysis.com/,,Independent,Private UK research firm.,,,,,,
Famitsu sales data (KADOKAWA Game Linkage),Data,Data tool,Sales tracking,The Japan physical sales standard with weekly hardware and software charts. Physical only Figures are trade-reported rather than sold as a product.,JP,Japanese,Free,https://www.famitsu.com/,,Kadokawa Corporation,"Published through Kadokawa Game Linkage. Kadokawa also owns niconico and publishes games, so the Japan sales standard sits inside a games company.",,,,,,
Game Data Library,Data,Data tool,Sales tracking,"Historical Japanese sales data in English, useful for longitudinal JP questions. Community-run archive of Famitsu/Media Create data. Verify against a primary where stakes are high",JP,English; Japanese,Free,https://www.gamedatalibrary.com/,,Independent,Community-run archive of Famitsu and Media Create data.,,,,,,
The CIU,Data,Report or document,Industry report,"The only consistent Mexico-specific market sizing: 72.6M gamers (H1 2025), MXN $42,785M industry revenue, console/mobile splits and subscription spend, with a decade of comparable history. Also the Spanish-language LatAm anchor. Consultancy estimates with methodology not fully public. Figures circulate via press summaries more than full reports. Telecom-first lens with games as a subset Public analyses free, custom research paid.",MX; LATAM,Spanish,Freemium,https://www.theciu.com/publicaciones,,Independent,Private Mexican research consultancy.,,,,,,
Esports Charts,Data,Data tool,Creator tracking,"Tournament and event viewership showing which creators drive event audiences. Same data family as Streams Charts. Esports-event lens, not general creator ranking",Global,English,Freemium,https://escharts.com,,Esports Charts,Private. Same operator as the Streams Charts row above.,,,,,,
YouTube Culture & Trends,Data,Data tool,Creator tracking,"Annual country-level top-creator rankings (subscribers gained, one channel per creator, artists/brands/kids channels excluded) plus trend analysis covering US, KR, JP, DE, FR, UK, MENA, Canada among others. Platform self-reporting. The subscriber-gain lens undercounts established creators Twelve country editions.",Global,English; Multilingual,Free,https://www.youtube.com/trends/report/,,Alphabet (Google),Platform-official. Reports on the platform that owns it.,,,,,,
Forbes Top Creators,Data,Data tool,Creator tracking,"Annual top-50 earners ranked on stated criteria of earnings, entrepreneurship, and clout (follower and engagement ratio). Earnings are Forbes estimates. Coverage is heavily US/English and gaming is a subset US-weighted.",Global,English,Free,https://www.forbes.com/top-creators/,,Forbes Media,Majority stake held by Integrated Whale Media Investments.,,,,,,
소프트콘 뷰어십 SOFTC.ONE Viewership (Sopeuteukon Vieoship),Data,Data tool,Creator tracking,"Rankings and viewership metrics across Chzzk, SOOP, YouTube Live, and Twitch: who's big in Korea right now. Independent project, KO interface only",KR,Korean,Free,https://viewership.softc.one,,Independent,"Independent Korean project operating at hobby scale, which is why it covers Chzzk and SOOP when commercial vendors do not.",,,,,,
vling (블링),Data,Data tool,Creator tracking,"Korean YouTube channel analytics and influencer-value data built for advertisers. YouTube only, no Chzzk/SOOP, ad-sales orientation",KR; Asia,Korean; English,Freemium,https://vling.net,,Unknown,Private Korean service. Ultimate ownership is not disclosed publicly.,,,,,,
"SANDBOX Network (샌드박스네트워크, Saendeubakseu Neteuwokeu)",Data,Data tool,Creator tracking,Roster of ~265 creator teams across gaming/kids/entertainment who are professionally managed in KR. Private company that ranks its own talent,KR,Korean,Free,https://sandbox.co.kr,,Sandbox Network Inc.,"Korean MCN. Ranks and represents its own talent, so treat roster-derived data as interested.",,,,,,
"DIA TV (CJ ENM) (다이아티비, Daia Tibi)",Data,Data tool,Creator tracking,"Korea's other flagship MCN. CJ ENM is listed (KOSDAQ 035760), so the parent's disclosures give partial primary data. The roster is its own talent",KR,Korean,Free,https://diatv.cjenm.com,,CJ ENM,Korean entertainment conglomerate. Represents its own creators.,,,,,,
"User Local VTuber Ranking (ユーザーローカル VTuberランキング, Yūzā Rōkaru)",Data,Data tool,Creator tracking,"The standard public VTuber population/ranking dataset by agency, subscriber count and growth (widely cited by JP financial press). VTuber vertical only, ranked on a subscriber-count basis",JP,Japanese,Free,https://virtual-youtuber.userlocal.jp,,"User Local, Inc.",Listed Japanese analytics company.,,,,,,
"kamui tracker (カムイトラッカー, Kamui Torakkā)",Data,Data tool,Creator tracking,"Covers every domestic YouTube channel above 1,000 subscribers (~229k channels, ~83M videos) including agency-affiliation and sponsorship-deal search (deepest JP YouTube dataset). Paid, Japanese only, YouTube only Trial available, enterprise-leaning.",JP,Japanese,Paid,https://kamuitracker.com,,Unknown,Private Japanese service. Ultimate ownership is not disclosed publicly.,,,,,,
Webedia (jeuxvideo.com / LeStream / talent management),Data,Data tool,Creator tracking,"The dominant French gaming media and talent house. LeStream and affiliated channels structure much of the French streaming ecosystem. An agency and media group rather than a data product, so its rosters and audience data are not published. Private group and talent rosters shift, so treat it as evidence of market position rather than as a source.",FR,French,Free,https://www.webedia-group.com,,Webedia (Fimalac),"The most concentrated owner in games media globally, with 10 outlets across DE, FR, ES, MX and PL in Tab 4. Its creator and talent arm covers a market it also publishes in.",,,,,,
Power League Gaming (+ PLG × Ipsos studies),Data,Data tool,Creator tracking,"Agency research with Ipsos on KSA/UAE esports and viewing behavior. TikTok LIVE's official gaming broadcast partner for MENA, making it the closest thing to a primary-access creator source in-region. Agency self-interest, and studies are audience-side more than creator rankings",MENA,Arabic; English,Free,https://powerleaguegaming.com,,Unknown,Gulf agency. Ultimate ownership is not disclosed publicly. Agency studies cover a market it sells into.,,,,,,
"Newrank (新榜, Xīnbǎng)",Data,Data tool,Creator tracking,"Longest-standing CN new-media data platform offering the proprietary NRI index across WeChat, Douyin, Xiaohongshu, Kuaishou, Bilibili and Weibo, with daily/weekly/monthly rankings including MCN influence charts. +86 phone registration typically required. Not accessible in full from outside CN without workarounds",CN,Chinese,Freemium,https://www.newrank.cn,,Unknown,Private Chinese service. Ownership is not verifiable from outside China.,,,,,,
"Feigua (飞瓜数据, Fēiguā Shùjù)",Data,Data tool,Creator tracking,"Douyin/Kuaishou/Bilibili streamer and live-commerce rankings (the standard tool for who is big on Douyin gaming). Commerce-metric weighted, +86 registration, access constraints from outside CN Limited free content.",CN,Chinese,Paid,https://www.feigua.cn,,Unknown,Private Chinese service. Ownership is not verifiable from outside China.,,,,,,
"Chanmama (蝉妈妈, Chánmāmā)",Data,Data tool,Creator tracking,"Douyin + Xiaohongshu creator/live rankings, a good complement to Feigua. Similar access restrictions as other Chinese sources Limited free content.",CN,Chinese,Paid,https://www.chanmama.com,,Unknown,Private Chinese service. Ownership is not verifiable from outside China.,,,,,,
"TopKlout (克劳锐, Kèláoruì)",Data,Data tool,Creator tracking,"Downloadable reports without login, including creator value rankings and collaboration charts. Annual MCN industry reports are the standard reference on CN's MCN ecosystem. Report cadence uneven, no site search",CN,Chinese,Free,https://www.topklout.com,,Unknown,Private Chinese service. Ownership is not verifiable from outside China.,,,,,,
DoHuya,Data,Data tool,Creator tracking,"Viewership metrics for DouYu and Huya from the Streams Charts family (a rare English-language window into CN game live streaming). Two platforms only. Misses Douyin/Bilibili live, which now dominate",CN,English,Freemium,https://dohuya.com,,Unknown,Chinese service tracking Huya. Relationship to Huya itself not established on this pass.,,,,,,
The VTuber Awards,Data,Data tool,Creator tracking,Annual community+industry recognition for anglophone VTubers. Fan-vote weighted.,Global,English,Free,https://streamscharts.com/tools/awards,,Independent,Community-run awards.,,,,,,
The Streamer Awards,Data,Data tool,Creator tracking,"The reference community award for EN-language streaming. Panel-selected nominees, winners by public vote",US,English,Free,https://thestreamerawards.com,,Independent,Creator-run awards.,,,,,,
Esports Awards,Data,Data tool,Creator tracking,"Industry-voted Streamer of the Year and creator categories. Saudi-hosted partnership era, industry-panel opacity on vote weighting",US; Global,English,Free,https://esportsawards.com,,Esports Awards Ltd,"Private. Sponsor-funded, so treat category composition as commercially shaped.",,,,,,
The Game Awards: Content Creator of the Year,Data,Data tool,Creator tracking,The most mainstream-visible creator recognition in gaming. One category in a games show. Jury shortlist + fan vote,US; Global,English,Free,https://thegameawards.com,,Game Awards LLC,"Produced by Geoff Keighley. Publisher-funded showcase, so nominations sit alongside commercial promotion.",,,,,,
Deutscher Computerspielpreis: Spieler:in des Jahres,Data,Data tool,Creator tracking,"Federal-government + game association award. A jury and community jointly select the winner, and streamers/YouTubers are explicitly eligible (2026 winner: streamer Dennsen86). One category. Recognizes contribution, not reach",DE,German,Free,https://deutscher-computerspielpreis.de,,game (Verband) and the German federal government,"Jointly run by the industry association and the federal ministry, so it is both industry and state.",,,,,,
Pesquisa Game Brasil (PGB),Data,Report or document,Industry report,"The reference consumer study for Brazil: who plays, on what, gender split, platform preference, attitudes (AI, digital ownership). Also extends to LatAm. Produced by SX Group / Go Gamers with Blend New Research and ESPM, a commercial consultancy, not an official statistic. Self-reported survey data. The free tier is a teaser cut Free trend report, full dataset paid. Some English materials.",BR,Portuguese; English,Freemium,https://www.pesquisagamebrasil.com.br/,,Sioux Group with Go Gamers and Blend New Research,Commercially operated survey. The operators sell services into the market it measures.,,,,,,
Lumikai: State of India Interactive Media & Gaming Report,Data,Report or document,Industry report,"The reference sizing for Indian gaming: gamer base (555M in CY25), revenue split, payer conversion, and the clearest data on the post-RMG-ban reset (+17% ex-RMG growth). Published by a gaming VC with a thesis to promote. Methodology blends third-party analytics, a ~3K-user survey and proprietary data. The fiscal/calendar-year basis has shifted between editions",IN,English,Free,https://www.lumikai.com/,,Lumikai Fund,Venture capital fund reporting on the market it invests in. Produced with Google.,,,,,,
"Endeavor México × Santander: ""Game On: El auge del gaming en México""",Data,Report or document,Industry report,"The startup/investment view: market ranked #1 in LatAm and ~#10 globally, 76M+ active players, per-gamer spend (~MXN $5,500/yr), and studio-ecosystem mapping. One-off report (recurrence unconfirmed) from an entrepreneurship-promotion NGO and a bank, with advocacy framing toward investment",MX,Spanish,Free,https://endeavor.org.mx/,,Endeavor and Santander,Entrepreneurship network and bank. Promotional framing around ecosystem growth.,,,,,,
Niko Partners: SEA-6 Games Market Reports,Data,Report or document,Industry report,"The only sustained analyst practice built on SEA specifically: per-country revenue/player models, cybercafé and third-party-payment data (26.9% of SEA in-game payments flow through third-party stores), and the best running read on the region's diverging regulations. US-headquartered firm, so technically a regional arm, included because its SEA output is genuinely market-specific and has no local equivalent. Full reports are expensive and the free layer is takeaways only Free key-takeaway summaries.",SEA,English,Paid,https://nikopartners.com/sea6-games-market-reports/,,Independent,Private specialist firm.,,,,,,
Gaming in Türkiye: Türkiye Game Market Report,Data,Report or document,Industry report,"The reference sizing for Turkey: revenue by platform, demographics (46% women), esports ecosystem, studio clustering by city. Accepted as the sector's primary reference and the longest-running consistent series. Produced by a gaming/esports marketing agency and sponsored by companies in the market it measures (Joygame, Türk Telekom GAMEON, Xsolla, KOCCA). Methodology partly proprietary Requires email registration.",TR,Turkish; English,Free,https://www.turkiyeoyunsektoruraporu.com/en/,,Gaming in Turkey,Marketing and localisation agency reporting on the market it sells into.,,,,,,
Australia Plays (IGEA × Bond University),Data,Report or document,Industry report,"The demand-side reference for Australia, with 20 years of comparable history: 82% of Australians play, women 51% of players (a first in 2025), family/parent attitudes, margin of error 2.7%. A companion New Zealand Plays series exists. Commissioned by the industry trade body. Framing emphasizes games' benefits. Survey is self-report panel data (Qualtrics)",AU,English,Free,https://igea.net/wp-content/uploads/2025/08/AP25-Report-28_08-WITH-LINKS.pdf,,IGEA with Bond University,"Industry association funded, academic authored.",,,,,,
AGDS: Australian Game Development Survey (IGEA × Bond University),Data,Report or document,Industry report,"Studio revenue, employment, platform focus. FY25 is the first edition supplemented with Sensor Tower/VGI panel data, a methodology change to note when comparing years. Voluntary survey (141 of 600+ studios invited). Revenue is studio turnover, not consumer spend in Australia, and the two get conflated in press coverage",AU,English,Free,https://igea.net/,,IGEA with Bond University,"Industry association funded, academic authored.",,,,,,
DEV: Libro Blanco del Desarrollo Español de Videojuegos,Data,Report or document,Industry report,"The reference on Spain's development sector: studio counts, revenue, employment (including gender split), regional distribution by comunidad autónoma, financing needs, with 12 years of comparable series. Based on a voluntary studio survey. Promoted by the dev trade association with export-promotion backing, so framing serves advocacy English summary sections vary by year.",ES,Spanish; English,Free,https://dev.org.es/libro-blanco-2025/,,DEV (Spanish developers association),"Industry association, backed by ICEX.",,,,,,
AEVI: Anuario de la industria del videojuego,Data,Report or document,Industry report,"The demand-side reference: national consumer spend, physical/digital split, PEGI data, esports and social-impact framing. The number every Spanish outlet cites for ""the market was worth X"". Publisher trade body (Spanish arm of the global console/publisher lobby). The yearbook blends market data with advocacy content, so separate the GSD-sourced figures from the narrative",ES,Spanish,Free,https://aevi.org.es/publicaciones/,,AEVI (Spanish publishers association),Industry association.,,,,,,
DeVuego,Data,Data tool,Database,"A maintained public database of its own games press and complete national game catalog. Start here for anything Spanish-industry-specific. Volunteer-run and coverage depth varies. Editorial standards are enthusiast-tier even though the data layer is excellent The database is free, the print anuario is paid.",ES,Spanish,Freemium,https://www.devuego.es/,,Independent,Volunteer-built national database.,,,,,,
Games Monitor Nederland (Dutch Games Association),Data,Report or document,Industry report,"The reference on the Dutch industry: company counts, jobs, student numbers, revenue streams, generative-AI adoption, plus European comparisons. Covers both entertainment and applied/serious games, a Dutch specialism. Published irregularly (""every few years""), so figures age. Survey-based.",NL,English,Free,https://dutchgamesassociation.nl/games-monitor/,,Dutch Games Association,Industry association.,,,,,,
Cultuurmonitor: Games domain (Boekmanstichting),Data,Report or document,Industry report,"Unusual and useful: games analyzed as a cultural sector alongside film, music and literature, with funding, labor and participation framing, plus a synthesis of the other monitors. Boekmanstichting is a cultural research institute, not an industry body. Synthesizes others' data rather than generating market figures, and cultural-policy framing means commercial detail is thin",NL,Dutch; English,Free,https://www.cultuurmonitor.nl/en/domein/games/,,Boekmanstichting,Government-adjacent cultural foundation.,,,,,,
Spelutvecklarindex / Game Developer Index (Dataspelsbranschen),Data,Report or document,Industry report,"The single best national games-industry dataset in this pack, built from filed annual accounts rather than surveys: 1,101 companies, SEK 36.8bn domestic revenue (SEK 73bn incl. foreign subsidiaries), 3% of Swedish service exports, plus tax contribution and employment. Twenty years of comparable series. Trade-association published, with explicit advocacy framing on regulation and capital access.",Nordics,Swedish; English,Free,https://www.dataspelsbranschen.se/rapporter/,,Dataspelsbranschen (Swedish Games Industry),Industry association.,,,,,,
Finnish Game Industry Report (Neogames Finland),Data,Report or document,Industry report,"Studio counts, 4,300+ employees, platform shift (PC now level with mobile at 61%), foreign-worker share (~35%), regional hubs. Neogames is a state-funded Information Centre for the Arts, which makes it unusually institutional. Published every ~2 years. The interview-plus-registry methodology differs from Sweden's accounts-based approach, so the two national reports are not directly comparable",Nordics,English,Free,https://neogames.fi/,,Neogames Finland,Industry association.,,,,,,
The Game Industry of Poland (PARP),Data,Report or document,Industry report,"The single best English-language entry point to the Polish sector: not just developers but the surrounding economy of QA/testing, localization, external development, asset production, porting and digital distribution, where Poland is a major European hub. States 97% of Polish-made games go to export markets. Government export-promotion publication (EU-funded BRAND HUB programme). Profiles are self-submitted, the framing is promotional, and company profiles date quickly",PL,English,Free,https://www.parp.gov.pl/,,PARP (Polish Agency for Enterprise Development),"Government agency, produced with the Ministry of Development.",,,,,,
Kondycja Polskiej Branży Gier / Polish Gamers Research (KPT + Polish Gamers Observatory),Data,Research firm,Market research firm,"Player numbers and profile, parental-control behaviour, purchasing habits, plus market sizing with a stock-market chapter. The closest Poland has to an Australia-Plays-style consumer series, running since 2014. English coverage is partial.",PL,Polish; English,Free,https://www.kpt.krakow.pl/en/support-for-the-games-sector/studies-in-the-video-games-sector/,,Kraków Technology Park (KPT),Government-linked technology park with industry partners.,,,,,,
IGDB (Internet Game Database),Data,Data tool,Genre taxonomy,"Open cross-platform game database with a multi-axis model. Genre, theme, game mode and player perspective are separate fields rather than one tree, which is why it handles horror and survival better than single-tree taxonomies. Browsable without an account. API access requires a Twitch developer registration. The API needs a Twitch account.",Global,English,Free,https://www.igdb.com/,,Amazon (Twitch),"Platform-owned. IGDB is a Twitch property and Twitch is owned by Amazon, so a platform holder controls this taxonomy. Coverage skews PC and console and is thin on mobile free-to-play.",,,,,,
Wikidata WikiProject Video games,Data,Data tool,Genre taxonomy,"Open linked-data model that separates video game genre, theme, feature and mechanic as distinct concepts, and links out to other game databases. Useful as a crosswalk between identifier systems rather than as a genre source. CC0 licensed.",Global,Multilingual,Free,https://www.wikidata.org/wiki/Wikidata:WikiProject_Video_games,,Wikimedia Foundation,"Volunteer-maintained and CC0, so no commercial owner. Coverage is the limitation. A 2024 project review reported roughly 60 percent of video game items carrying no genre statement at all. Never treat an absent genre here as evidence of anything.",,,,,,
Steam tag browse,Data,Data tool,Genre taxonomy,"The live list of Steam user tags, which is the closest thing to a folksonomy of PC genres. Shows subgenre terms such as roguelite and metroidvania that no vendor tree carries. Developer-set store genres are a separate and smaller list, and the two frequently disagree on the same game. The list is ordered by how heavily each tag is applied, so it also shows relative usage.",Global,English,Free,https://store.steampowered.com/tag/browse,,Valve,"Platform-owned and user-generated. Tags are applied by players and developers, not curated, so tag counts measure what players call things rather than what games are.",,,,,,
OIES,Data,Research firm,Market research firm,Italian esports market research and ecosystem mapping. Operates a membership and business network alongside its research output.,IT,Italian,Freemium,https://www.oiesports.it,,Membership research body,,,,,,,
Gamma Data,Data,Research firm,Market research firm,"The GPC report's official data partner. Monthly/quarterly market reports, segment studies (女性向, mini-games, AI). Distribution is WeChat-public-account-first, the single biggest access friction for outside researchers.",CN,Chinese,Free,https://www.ocft.com/en/en_solution/en_gamma-platform/Gamma%20Data%20Platform/index.html,,Independent (private data firm),,,,,,,
University Tomorrow 20s Lab,Data,Research firm,Adjacent research body,Quantitative youth/Gen Z research. Strong for child/young-adult segmentation.,KR,Korean,Free,https://20slab.org,,Univ Tomorrow ES,,,,,,,
Hakuhodo Institute of Life and Living,Data,Research firm,Adjacent research body,Long-running 生活定点 longitudinal survey. Agency-owned but methodologically serious.,JP,Japanese,Free,https://seikatsusoken.jp,,Hakuhodo DY Holdings,,,,,,,
SHIBUYA109 lab.,Data,Research firm,Adjacent research body,"Specialist on youth ""around-20"" (15-24). Monthly hearings with 200 young people. Coined 界隈消費 and tracks アテンション疲れ.",JP,Japanese,Free,https://shibuya109lab.jp,,Tokyu Group (SHIBUYA109 Entertainment),,,,,,,
Benesse Research Institute,Data,Research firm,Adjacent research body,"Primary survey research on children, parents and media use.",JP,Japanese,Free,https://berd.benesse.jp,,Benesse Holdings,Benesse was taken private in 2024 by the founding Fukutake family and the Swedish fund EQT.,,,,,,
AJA (Assoc. of Japanese Animations),Data,Research firm,Adjacent research body,"Publishes アニメ産業レポート, the anime industry data annual. Free summaries, the full report is paid.",JP,Japanese,Freemium,https://aja.gr.jp,,Industry association,,,,,,,
YPulse,Data,Research firm,Adjacent research body,"Gen Z/Millennial trend research. Commercial and paywalled: trend signal, not neutral research.",US,English,Paid,https://ypulse.com,,Independent (private research firm),,,,,,,
App Store categories (Apple developer documentation),Data,Report or document,Genre taxonomy,"Apple's official list of App Store categories and the Games subcategories developers can select, with the selection rules. The primary source for what the App Store tree actually contains. A developer-facing policy document rather than a dataset. The live localized storefronts show the same tree in local category names, which is how the JP terms on the Genres tab were verified (apps.apple.com/jp).",Global,English,Free,https://developer.apple.com/app-store/categories/,,Apple,First-party documentation of the owner's own store.,,,,,,
Google Play categories and tags (Play Console Help),Data,Report or document,Genre taxonomy,"Google's official list of Play app and game categories and the rules of its five-tag system. The primary source for what the Play tree actually contains. A developer-facing policy document rather than a dataset. Switching the page language shows the localized category names, which is how the KR terms on the Genres tab were verified (hl=ko).",Global,English,Free,https://support.google.com/googleplay/android-developer/answer/9859673,,Google,First-party documentation of the owner's own store.,,,,,,
TapTap (CN),Data,Data tool,Genre taxonomy,"China's leading game discovery store and community, and the most legible public surface for CN genre and tag vocabulary, the source for the CN terms on the Genres tab. Category and tag labels appear on award pages, collections and game pages. The CN edition is taptap.cn and the global edition taptap.io. A swarm of lookalike mirror domains exists, use the two official domains only. Reviews and ratings are community sentiment, not evidence of fact.",CN; Global,Chinese; English,Free,https://www.taptap.cn/about-us,,XD Inc.,"Operated by XD Inc. through 易玩（上海）网络科技有限公司 per TapTap's own footer. ByteDance, miHoYo and Bilibili have held investment stakes, per 2021 TechCrunch reporting.",,,,,,
Nintendo IR,Data,Company disclosure,Corporate IR,"Hardware/software splits per region, million-seller lists, management Q&A",JP; Global,English; Japanese,,https://nintendo.co.jp/ir,,,,,,,,,
Sony Game & Network Services (IR),Data,Company disclosure,Corporate IR,"PS5 sell-through, PS Plus, first-party performance in segment reporting",JP; Global,English; Japanese,,https://sony.com/en/SonyInfo/IR,,,,,,,,,
Tencent IR,Data,Company disclosure,Corporate IR,"The single best free window into Chinese gaming and its global ownership web (Riot, Supercell, stakes everywhere)",CN; Global,English; Chinese,,https://tencent.com/en-us/investors,,,,,,,,,
NetEase IR,Data,Company disclosure,Corporate IR,Second biggest CN major with notable JP studio investments,CN; JP,English; Chinese,,https://ir.netease.com,,,,,,,,,
Nexon IR,Data,Company disclosure,Corporate IR,"Founded in Korea but listed in Tokyo, offers per-title and per-region detail and the economics of live-ops",KR; JP,English; Japanese,,https://ir.nexon.co.jp,,,,,,,,,
Krafton IR,Data,Company disclosure,Corporate IR,PUBG economics and India exposure,KR; Global,English; Korean,,https://krafton.com,,,,,,,,,
NCSoft IR,Data,Company disclosure,Corporate IR,"Lineage economics, which is important for the ongoing MMO monetization story (i.e., people getting tired of being bilked by games show up in the numbers first here)",KR,English; Korean,,https://ncsoft.com,,,,,,,,,
Netmarble / Kakao Games IR,Data,Company disclosure,Corporate IR,KR mobile publishing economics,KR,Korean; English,,https://netmarble.com,,,,,,,,,
Capcom IR,Data,Company disclosure,Corporate IR,"Per-title lifetime sales through the Platinum Titles database, which is the most detailed public disclosure any Japanese publisher offers. Regional revenue splits and digital share are given each quarter.",JP; Global,English; Japanese,,https://www.capcom.co.jp/ir/english/,,,,,,,,,
Electronic Arts IR,Data,Company disclosure,Corporate IR,"Live service and sports franchise economics, with net bookings rather than revenue as the headline measure. Read the non-GAAP footnotes before citing any figure.",US; Global,English,,https://ir.ea.com/,,,,,,,,,
Roblox IR + SEC filings,Data,Company disclosure,Corporate IR,"DAU by region and age (13+ split), hours engaged, developer payouts",US; Global,English,,https://ir.roblox.com,,,,,,,,,
Microsoft 10-K/10-Q (Gaming segment),Data,Company disclosure,Corporate filings,"Post-Activision gaming segment scale, Game Pass signals in commentary",US; Global,English,,https://microsoft.com/investor,,,,,,,,,
GameSquare IR (Stream Hatchet reports),Data,Company disclosure,Corporate IR,Where Stream Hatchet quarterly livestreaming reports publish free,Global,English,,https://gamesquare.com,,,,,,,,,
ANYCOLOR IR (にじさんじ / Nijisanji),Data,Company disclosure,Corporate IR,"Quarterly filings disclose talent counts, revenue mix, and per-segment economics of the VTuber business",JP; Global,Japanese; English,,https://ir.anycolor.co.jp,,,,,,,,,
"Cover Corp IR (ホロライブ / hololive production, Hororaibu)",Data,Company disclosure,Corporate IR,Primary disclosure for hololives,JP; Global,Japanese; English,,https://cover-corp.com/ir/,,,,,,,,,
Nazara Technologies (NSE: NAZARA),Data,Company disclosure,Corporate IR,"A quarterly X-ray of the ecosystem: owns/holds NODWIN (esports events, AFK Gaming), Sportskeeda, Kiddopia, WCC, plus ad tech and location-based entertainment. Its calls narrate the whole Indian games economy, including the RMG-ban fallout (PokerBaazi)",IN,English,,https://investors.nazara.com/,,,,,,,,,
Sea Limited (NYSE: SE): Garena,Data,Company disclosure,Corporate filings,"The closest thing to a quarterly census of SEA gaming: Garena's bookings, QAU/QPU (quarterly active/paying users), and management commentary on Free Fire's markets. Read alongside Shopee/SeaMoney segments that shape the same wallets. Vertically integrated: Sea owns the publisher, the payment rail, and esports circuits it reports on Singapore-based, region-wide.",SEA,English,,https://www.sea.com/investor/home,,,,,,,,,
VNG Corporation (UPCoM: VNZ),Data,Company disclosure,Corporate filings,"The inside view of the post-Decree-147 Vietnamese market from its principal beneficiary: licensing costs, title portfolio, and the economics of a market foreign publishers just exited",SEA,Vietnamese; English,,https://www.vng.com.vn/,,,,,,,,,
PlaySide Studios (ASX: PLY),Data,Company disclosure,Corporate IR,"A rare public window on AU development economics: original-IP vs work-for-hire revenue split, licensing economics (Dumb Ways to Die, Game of Thrones/WBIE, Warcraft 3), and the volatility of a mid-size studio's P&L in real time",AU,English,,https://www.listcorp.com/asx/ply/playside-studios-limited,,,,,,,,,
Embracer Group (Nasdaq Stockholm: EMBRAC B),Data,Company disclosure,Corporate IR,"The most consequential single filing stream in European games, tracking the acquisition-boom-to-restructuring arc in real time: SEK 7.2bn impairments, studio closures, the Coffee Stain spin-off (Dec 2025) and the planned Fellowship Entertainment separation targeted for 2027. Essential context for dozens of studios worldwide that Embracer owns or shed Focused on Sweden.",Nordics,English,,https://embracer.com/investors/,,,,,,,,,
Paradox Interactive (Nasdaq Stockholm: PDX),Data,Company disclosure,Corporate IR,"The clearest public data on a niche-deep PC publisher's economics: DLC/expansion revenue models, catalog longevity, and studio-acquisition strategy. Tencent holds ~10%, worth noting when reading strategy commentary Focused on Sweden.",Nordics,English,,https://paradoxinteractive.com/en/section/investors,,,,,,,,,
Remedy Entertainment (Nasdaq Helsinki: REMEDY),Data,Company disclosure,Corporate IR,"The economics of AAA-adjacent single-player development laid bare: co-development/publisher deal structures, royalty timing, and project-by-project risk. Tencent holds ~14% Focused on Finland.",Nordics,English; Finnish,,https://investors.remedygames.com/,,,,,,,,,
Stillfront Group (Nasdaq Stockholm: SF),Data,Company disclosure,Corporate IR,"The mobile counterpart to Embracer's PC/console story: F2P portfolio economics, UA spend, studio divestments (e.g. the OFM Studios management buyout) and the sharp valuation compression across the roll-up model Focused on Sweden.",Nordics,English,,https://www.stillfront.com/en/investors/,,,,,,,,,
"WIG.GAMES index (Giełda Papierów Wartościowych, Warsaw Stock Exchange)",Data,Data tool,Sector index,"Unique in this pack: an actual exchange-published sector index for video games, plus structured certificates on it. The index composition and weighting are themselves a market map, and its long-run decline against the WIG20 is the clearest single indicator of how Polish gaming's investor story has changed since Cyberpunk 2077",PL,Polish; English,,https://www.gpw.pl/,,,,,,,,,
CD Projekt (GPW: CDR),Data,Company disclosure,Corporate IR,"The dominant component of WIG.GAMES (~42% at times), so its results move the whole Polish sector's sentiment. Reports cover both development (CD Projekt RED) and, until the December 2025 sale of GOG, digital distribution, making the split itself a documented strategic event",PL,Polish; English,,https://www.cdprojekt.com/en/investors/,,,,,,,,,
11 bit studios (GPW: 11BIT),Data,Company disclosure,Corporate IR,"The mid-cap counterweight to CD Projekt: development-plus-publishing economics at a studio that also funds third-party titles. Write-offs, delays and release timing are disclosed in unusual detail",PL,Polish; English,,https://ir.11bitstudios.com/,,,,,,,,,
PlayWay (GPW: PLW),Data,Company disclosure,Corporate IR,"A distinctive business model to have public data on: many low-budget titles across a network of part-owned studios (House Flipper, Car Mechanic Simulator, 70+ titles), a strategy no other listed company in this pack runs at this scale",PL,Polish; English,,https://playway.com/en/investor-relations/,,,,,,,,,
鈊象電子 International Games System (TPEx: 3293),Data,Company disclosure,Corporate IR,"The clearest public data on Taiwan's actual games business model: licensing-led revenue (NT$14.98bn in 2025, +45% YoY, 68% of total, near-100% gross margin on the licensing line) plus social-casino products aimed at the US and Southeast Asia. A useful corrective to assuming Taiwan's industry is domestic-facing English coverage is partial.",TW,Traditional Chinese; English,,https://www.igs.com.tw/,,,,,,,,,
遊戲橘子 Gamania (TPEx: 6180),Data,Company disclosure,Corporate filings,"The licensing-and-operations side: decades of operating Korean and Japanese titles in Taiwan (Lineage M, MapleStory, KartRider), plus the 2024 sale of 53% of its game-points subsidiary 樂點, a rare public window on the game-currency/payment layer's value",TW,Traditional Chinese,,https://www.gamania.com/,,,,,,,,,
智冠科技 Soft-World (TPEx: 5478),Data,Company disclosure,Corporate filings,"The distribution and channel layer, historically central to how games reach Taiwanese players. Useful for understanding physical/retail and point-card economics that global data misses",TW,Traditional Chinese,,https://www.soft-world.com.tw/,,,,,,,,,
Square Enix Holdings IR,Data,Company disclosure,Corporate IR,"Segment reporting across HD games, MMO, mobile and publishing, plus write-downs that show which strategies were abandoned. Fiscal year ends 31 March.",JP; Global,English; Japanese,,https://www.hd.square-enix.com/eng/ir/,,,,,,,,,
Bandai Namco Holdings IR,Data,Company disclosure,Corporate IR,"The clearest public view of an IP axis strategy, with toys, games, arcade and visual media reported side by side. Useful for understanding character IP economics rather than games alone.",JP; Global,English; Japanese,,https://www.bandainamco.co.jp/en/ir/index.html,,,,,,,,,
Konami Group IR,Data,Company disclosure,Corporate IR,"Digital entertainment reported alongside amusement, gaming and sports segments. Shows how a Japanese publisher balances games against pachinko and casino gaming machines.",JP; Global,English; Japanese,,https://www.konami.com/ir/en/,,,,,,,,,
Sega Sammy Holdings IR,Data,Company disclosure,Corporate IR,"Entertainment contents reported next to pachislot, pachinko and resorts. Impairments on acquisitions such as Rovio are visible here before they reach trade coverage.",JP; Global,English; Japanese,,https://www.segasammy.co.jp/en/ir/,,,,,,,,,
Take-Two Interactive IR,Data,Company disclosure,Corporate IR,"Net bookings by geographic region, distribution channel and platform mix, which is an unusually clean regional breakdown. Covers Rockstar, 2K and Zynga, so console and mobile sit in one filing.",US; Global,English,,https://www.take2games.com/ir,,,,,,,,,
Ubisoft Entertainment IR,Data,Company disclosure,Corporate IR,"The most detailed public record of a large publisher in restructuring, including the Tencent investment and portfolio rationalisation. Recurring player investment is reported separately from net bookings.",FR; Global,English; French,,https://www.ubisoft.com/en-us/company/about-us/investors,,,,,,,,,
KOCCA (한국콘텐츠진흥원),Institutions,Organisation,Government agency,"The annual Korea Game White Paper, the authoritative KR industry dataset, with usage surveys and policy signals. Korean-language and PDF-heavy, and the English summaries lag by a year or more. English coverage is partial.",KR,Korean; English,,https://www.kocca.kr/,,,,,,,,,
GRAC (게임물관리위원회),Institutions,Organisation,Rating body,"KR rating decisions, a real-time public record of what is entering the market and how it is classified. Korean only, with clunky database navigation.",KR,Korean,,https://www.grac.or.kr/,,,,,,,,,
K-GAMES (한국게임산업협회),Institutions,Organisation,Industry association,"KR industry positions on regulation, esports and self-regulation. Advocacy body, so read as industry voice instead of as neutral data",KR,Korean,,https://kgames.or.kr/,,,,,,,,,
CESA,Institutions,Organisation,Industry association,"CESAゲーム産業レポート (CESA Gēmu Sangyō Repōto), the JP industry reference survey, 2025 edition current. Also runs Tokyo Game Show. CORRECTION: the older CESAゲーム白書 (Games White Paper) was discontinued after 2023. DO NOT CITE THE WHITE PAPER. Paid physical publication, Japanese only. Nintendo is only a special supporting member and does not exhibit at TGS",JP,Japanese,,https://www.cesa.or.jp/,,,,,,,,,
Famitsu Game Hakusho (ゲーム白書),Institutions,Report or document,Report or data series,Annual JP market sizing including mobile/PC. Partnered with Sensor Tower. Expensive. Headline figures circulate free via trade coverage,JP,Japanese,,https://www.kadokawa.co.jp/product/322509000686/,,,,,,,,,
CERO,Institutions,Organisation,Rating body,"JP rating records from the age-ratings body, an NPO established June 2002 which took over rating from CESA's own self-regulation. The Japanese analogue to Korea's GRAC. Shows what content norms look like officially. Ratings only. Thin as a data source but useful as a cultural signal",JP,Japanese,,https://www.cero.gr.jp/,,,,,,,,,
ESA (Entertainment Software Association),Institutions,Organisation,Industry association,"The annual Essential Facts survey, 2026 edition current, which provides the US player demographics the press cites all year, plus joint US spending data with Circana and Sensor Tower.",US,English,,https://www.theesa.com/,,,,,,,,,
ESRB,Institutions,Organisation,Rating body,"US and Canadian rating records and marketing-compliance actions. The rating system actually used in Canada, since there is no national body and ESRB applies across North America. The US analogue to Japan's CERO and Korea's GRAC. Also runs COPPA safe-harbour privacy certification.",US; CA,English,,https://www.esrb.org/,,,,,,,,,
FTC (US),Institutions,Organisation,Regulator,"Primary source for monetisation and child-privacy red flags. Enforcement actions on loot boxes, dark patterns and COPPA child privacy, including the loot-box workshop and the Epic and Fortnite settlements. Use for primary documents in monetization-risk research. Legal documents, slow-moving, US only",US,English,,https://www.ftc.gov/,,,,,,,,,
Ofcom: Children and Parents: Media Use and Attitudes,Institutions,Report or document,Report or data series,"The best free longitudinal dataset anywhere on children's media and gaming behaviour and parental attitudes, through Children's Media Lives, Online Nation and the media literacy series. UK-specific, don't export findings to other markets without flagging",UK,English,,https://www.ofcom.org.uk/,,,,,,,,,
Ukie,Institutions,Organisation,Industry association,"UK games industry valuation, GSD sales data commentary, the UK Games Map, consumer market reports and policy positions. The UK counterpart to game in Germany and SELL in France. Advocacy body.",UK,English,,https://ukie.org.uk/,,,,,,,,,
game (Verband der deutschen Games-Branche),Institutions,Organisation,Industry association,"Official German market data produced with YouGov and Sensor Tower, employment figures, gamescom co-organizer, policy voice. Advocacy body. English coverage is partial.",DE,German; English,,https://www.game.de/,,,,,,,,,
USK,Institutions,Organisation,Rating body,"German rating decisions from the age-ratings database, plus youth-protection criteria, which makes it essential for parent and family research. Industry self-regulation under state oversight. Notable for being the strictest big-market regime historically. Ratings signal, not market data. EN summary pages exist",DE,German,,https://usk.de/,,,,,,,,,
SELL (Syndicat des Éditeurs de Logiciels de Loisirs),Institutions,Organisation,Industry association,"L'Essentiel du Jeu Vidéo, the annual French market and player study produced with Médiamétrie. Advocacy body of publishers.",FR,French,,https://www.sell.fr/,,,,,,,,,
CNC (France),Institutions,Organisation,Government agency,"French public funding data and commissioned studies on games as a cultural industry, providing a French institutional frame. State body. Policy and cultural lens rather than consumer data. Some EN summaries of major reports",FR,French,,https://www.cnc.fr/,,,,,,,,,
IIDEA (Italy),Institutions,Organisation,Industry association,"The Italian data source, effectively substituting for Italy's missing trade press. Annual market report with Ipsos, 2.4bn EUR in 2025, esports report with Accenture, 2026, plus the IVGA awards and First Playable. Advocacy body. EN materials available English coverage is partial.",IT,Italian; English,,https://iideassociation.com/en/,,,,,,,,,
ESAC (Entertainment Software Association of Canada),Institutions,Organisation,Industry association,"Real Canadian Gamer Essential Facts plus the Nordicity industry impact report, 2025, which together form the national data baseline. Advocacy body of publishers with advocacy framing. Bilingual publications",CA,English; French,,https://theesa.ca/,,,,,,,,,
PEGI,Institutions,Organisation,Rating body,"Cross-EU rating records, with loot-box and in-game-purchase labels as a regulatory signal. The rating database France actually uses, since it has no national body like Germany's USK. Ratings signal, and enforcement varies by country. EN site is the primary version",UK; DE; FR; IT; EU,English; Multilingual,,https://pegi.info/,,,,,,,,,
Games Germany,Institutions,Organisation,Funding body,"Joint platform of the German federal states' games-funding institutions (public-funding side of the market). Distinct from the trade association 'game' (game.de). Funding/policy lens, not market data",DE,German; English,,https://www.games-germany.de/,,,,,,,,,
Video Games Europe (ex-ISFE),Institutions,Organisation,Industry association,"EU-level games trade body with pan-European player surveys (""Key Facts""). Advocacy body",EU; UK; DE; FR; IT,English,,https://www.videogameseurope.eu/,,,,,,,,,
Saudi Esports Federation,Institutions,Organisation,Esports body,"Government-backed body whose programs and event rosters define which creators get institutional platforming in the region's largest market. Organises national teams, tournaments and sector programs, and grants the region's esports media awards, so it shapes the media field that covers it. State body chaired within the Saudi sports establishment",MENA,Arabic; English,,https://saudiesports.sa,,,,,,,,,
Abragames: Pesquisa da Indústria Brasileira de Games,Institutions,Organisation,Industry association,"Supply-side numbers: studio counts, employment, revenue and regional distribution of the Brazilian dev industry, the counterpart to PGB's demand side. The mapping is produced with ApexBrasil. Advocacy framing: the association exists to promote the sector. English is limited to fact sheets.",BR,Portuguese; English,,https://brazilgames.org/en/,,,,,,,,,
ClassInd (Classificação Indicativa): MJSP,Institutions,Organisation,Rating body,"Brazil's official age-rating decisions for games and apps. Searchable portal plus raw datasets on dados.mj.gov.br, a Tier-A record of what was rated, when, and at what level. Ratings are advisory (""indicativa"") rather than sales-restrictive. Database interface is Portuguese-only and clunky English coverage is partial.",BR,Portuguese; English,,https://classindportal.mj.gov.br/,,,,,,,,,
SBGames: Anais (SBC/CEJOGOS),Institutions,Report or document,Report or data series,"Peer-reviewed Brazilian games scholarship across culture, education, industry and health tracks, the academic layer most English-language searches miss entirely. Latin America's largest games research symposium, around 200 papers a year. Academic lag (papers describe fieldwork 1 to 2 years old). Some English papers.",BR,Portuguese; English,,https://sol.sbc.org.br/index.php/sbgames,,,,,,,,,
Esports Federation of India (ESFI),Institutions,Organisation,Esports body,"Who officially represents India at Asian Games/Global Esports Games, which titles are treated as medal esports, and national championship structures (NESC). Member of IESF, AESF and GEF. Federation-politics territory: rival bodies have contested representation claims over the years. Advocacy framing on esports policy",IN,English,,https://esportsfederation.in/,,,,,,,,,
Indian Digital Gaming Society (IDGS / CII),Institutions,Organisation,Industry association,"The industry-establishment view: runs India Gaming Show and policy conclaves. Useful for tracking how developers/publishers (Krafton India et al.) position themselves with government. Operates under the Confederation of Indian Industry. Trade-body advocacy. Thinner published output than a research institution, so better for positions and events than data",IN,English,,https://gamingsociety.in/,,,,,,,,,
SMECCV: Sistema Mexicano de Equivalencias de Clasificación de Contenidos de Videojuegos (SEGOB/RTC),Institutions,Organisation,Rating body,"Mexico's official classification frame (A/B/B15/C/D) with loot-box/microtransaction warning labels, the Tier-A reference for what content rules formally apply. Includes the ESRB equivalence table. Mandatory system in force since 27 May 2021 under DOF lineamientos. Applies mainly to physical distribution, and digital storefronts largely still show ESRB. Enforcement by RTC is light, a labeling system more than a review board",MX,Spanish,,https://es.wikipedia.org/wiki/Sistema_Mexicano_de_Equivalencias_de_Clasificaci%C3%B3n_de_Contenidos_de_Videojuegos,,,,,,,,,
"IFT: ""Estado del Gaming en México"" (Somos Audiencias)",Institutions,Report or document,Report or data series,"Government data series on Mexican gaming audiences that synthesizes The CIU, Newzoo, Endeavor and its own audience framework, the closest thing to official gaming statistics.",MX,Spanish,,https://somosaudiencias.ift.org.mx/archivos/1_Videojuegos_1S2025.pdf,,,,,,,,,
GDMEX: Asociación Mexicana de Entretenimiento Interactivo VideojuegosMX (Game Devs México),Institutions,Organisation,Industry association,"The new official voice of Mexican game development: already delivered export tax benefits with the Economy Ministry (Nov 2025) and speaks for the sector on fiscal policy. The address for supply-side questions. Constituted May 2025 at the Secretaría de Economía. Very young organization. Published output is still thin and its website is partly placeholder, so track via trade-press coverage rather than the site itself",MX,Spanish; English,,https://mexicogames.org/,,,,,,,,,
IGRS: Indonesia Game Rating System (Komdigi; Perpres 19/2024 + Permenkominfo 2/2024),Institutions,Organisation,Rating body,"Every game distributed in the country requires official IGRS classification, with the same regulation doubling as industry-promotion policy (Perpres 19/2024). Also the anchor for child-protection rules under PP Tunas. Rating tiers are 3+/7+/13+/15+/18+ plus RC, with full enforcement from 2026. English coverage is partial.",SEA,Bahasa Indonesia; English,,https://igrs.id/,,,,,,,,,
AGI: Asosiasi Game Indonesia,Institutions,Organisation,Industry association,"The developer-side voice in Indonesian policy, the counterpart to Komdigi in IGRS consultations and the organizer presence behind IGDX, the national industry conference. Covers development and publishing. Founded 2013. Trade-body advocacy. Publishes positions and events rather than data series",SEA,Bahasa Indonesia; English,,https://www.agi.or.id/,,,,,,,,,
PBESI: Pengurus Besar Esports Indonesia (+ Garudaku platform),Institutions,Organisation,Esports body,"Who governs Indonesian esports officially: provincial structures in all 34 provinces, national/student leagues, and athlete registration through Garudaku, unusually institutionalized for the region. KONI-recognized since 2020 and chaired by Budi Gunawan. Deeply state-embedded. Read output as government sports policy, not independent information.",SEA,Bahasa Indonesia; English,,https://www.instagram.com/pbesi_official/?hl=en,,,,,,,,,
Vietnam Decree 147/2024/NĐ-CP (online games & internet services),Institutions,Report or document,Regulation or law,"The single most consequential regulatory fact in SEA gaming: it forced Riot and Blizzard out of Vietnam while Garena and VNG consolidated, and it bans casino-style games from licensing entirely. In force 25 Dec 2024 with G1 to G4 licensing, a local-entity requirement for foreign publishers, under-18 playtime limits of 60 minutes per session and 180 per day, and app-store takedown powers. Enforcement against cross-border stores is ongoing and uneven Some English analyses.",SEA,Vietnamese; English,,https://www.vietnam-briefing.com/news/vietnams-new-internet-regulation-decree-147-2024.html/,,,,,,,,,
DEPA: Digital Economy Promotion Agency (+ Game Industry Promotion Act),Institutions,Organisation,Government agency,"The center of Thai games policy: the in-progress Game Industry Promotion Act (registration regime and explicit targeting of ""hidden gambling"" mechanics, which would be ASEAN's first dedicated game law), plus official ecosystem sizing and state-backed event data Hosts gamescom asia x Thailand Game Show. Some English releases.",SEA,Thai; English,,https://www.depa.or.th/,,,,,,,,,
MDEC: Malaysia Digital Economy Corporation (LEVEL UP KL + DICE Roadmap),Institutions,Organisation,Government agency,"Export figures (RM150M in opportunities from LEVEL UP KL 2025), funding programs (Digital Games Testbed, RM3.5M/yr), SEA Game Awards, and Malaysia's studio ecosystem strategy. Sits under the Ministry of Digital. Runs LEVEL UP KL, SEA's premier game development conference, 12th edition 2026, and the Digital Content Ecosystem (DICE) Roadmap 2026 to 2030. Advocacy numbers (""export opportunities"" ≠ closed deals).",SEA,English; Malay,,https://www.mdec.my/levelupkl,,,,,,,,,
TOGED: Türkiye Oyun Geliştiricileri Derneği,Institutions,Organisation,Industry association,"The organized voice of Turkey's dev sector: trade delegations to GDC, legal-compliance briefings, education pipelines. The address for supply-side policy questions. Trade-body advocacy. Publishes positions and events rather than data series",TR,Turkish,,https://toged.org/,,,,,,,,,
TESFED: Türkiye Espor Federasyonu,Institutions,Organisation,Esports body,"Recognized branches, licensed athletes, national teams and leagues. Turkey has one of the older state-embedded esports federations outside East Asia. Established 2018 under the Ministry of Youth and Sports as successor to the 2011 Digital Games Federation. Independent esports business analysis lives elsewhere",TR,Turkish,,https://tesfed.org.tr/,,,,,,,,,
Australian Classification Board: computer games (incl. 2024 gambling-content rules),Institutions,Organisation,Rating body,"Tier-A regulatory reference: paid loot boxes → mandatory minimum M, simulated gambling → legally restricted R18+ (world-leading strictness), redeemable-for-currency gambling content → refused classification. The searchable database shows every decision. The gambling-content rules are in force since 22 Sep 2024. Most game ratings flow through the automated IARC tool rather than board review.",AU,English,,https://www.classification.gov.au/,,,,,,,,,
eSafety Commissioner: Social Media Minimum Age (under-16 ban),Institutions,Organisation,Regulator,"Administers the world-first under-16 social media account ban, in force 10 Dec 2025. Essential for anyone researching young Australians' play. Platforms report monthly account-removal numbers.",AU,English,,https://www.esafety.gov.au/about-us/industry-regulation/social-media-age-restrictions,,,,,,,,,
IGEA: Interactive Games & Entertainment Association,Institutions,Organisation,Industry association,"The industry's voice on classification reform, tax incentives and platform policy. Publisher of both national data series above and the running record of policy positions. Covers Australia and New Zealand. Runs the IGEA Educates podcast. Trade-body advocacy. Its dual role as data publisher and lobbyist means its framing of findings serves policy goals",AU,English,,https://igea.net/,,,,,,,,,
AEVI: Asociación Española de Videojuegos,Institutions,Organisation,Industry association,"The publisher-side voice on Spanish policy: age-rating education (Spain uses PEGI, no national board), esports positions, and the industry's public-facing campaigns. Trade advocacy. Represents the multinational publisher side rather than Spanish developers (that's DEV)",ES,Spanish,,https://aevi.org.es/,,,,,,,,,
DEV: Asociación Española de Empresas Productoras y Desarrolladoras,Institutions,Organisation,Industry association,"The developer-side voice on Spanish policy: fiscal-incentive advocacy, talent-pipeline programs, and the Libro Blanco. The address for questions about Spanish studios rather than the Spanish market. Around 100 member studios. Trade advocacy. Membership skews toward established studios",ES,Spanish,,https://dev.org.es/,,,,,,,,,
"Spain Audiovisual Hub (Gobierno de España) + ICEX ""Games from Spain""",Institutions,Organisation,Government agency,"State support: funding lines, sector news, and the export apparatus that co-finances the Libro Blanco and trade-show presence. Spain treats games as audiovisual industrial policy.",ES,Spanish; English,,https://spainaudiovisualhub.digital.gob.es/,,,,,,,,,
Kansspelautoriteit (KSA): loot-box enforcement and case record,Institutions,Organisation,Regulator,"Created the single most important legal record in loot-box research: KSA's 2018 interpretation, the €250K/week penalty on EA over FIFA packs, the 2020 district-court win, and the 2022 Council of State reversal that found packs can't be assessed as a separate game. Any comparative loot-box analysis runs through this case. The final ruling means loot boxes are not currently prohibited gambling in NL, which is widely misreported both ways. English coverage is partial.",NL,Dutch; English,,https://kansspelautoriteit.nl/,,,,,,,,,
Dutch Games Association (DGA),Institutions,Organisation,Industry association,The industry's voice and its main data publisher. Also runs mentor-network and industry-day initiatives. Custodian of the Games Monitor. Trade advocacy.,NL,Dutch; English,,https://dutchgamesassociation.nl/,,,,,,,,,
Center for Game Research (gameresearch.nl),Institutions,Organisation,Research institute,"Reports on new studies, monitors and academic events. Useful entry point for peer-reviewed work on a market where industry data is thin. Utrecht-affiliated. Aggregator/network site, not a primary data producer.",NL,English; Dutch,,https://gameresearch.nl/,,,,,,,,,
Dataspelsbranschen (Swedish Games Industry),Institutions,Organisation,Industry association,Sweden's industry voice and data publisher. Also produces sustainability/climate research on game development and policy analysis on EU regulation. Covers both developers (Spelplan-ASGD) and publishers and distributors (ANGI).,Nordics,Swedish; English,,https://www.dataspelsbranschen.se/,,,,,,,,,
Neogames Finland,Institutions,Organisation,Industry association,"The most institutionally embedded games body in the bloc: publishes the national report, runs a weekly Finnish industry news bulletin, and represents Finland in EGDF and the Nordic Game Institute. The weekly roundup is a useful research feed. One of Finland's nine official Information Centres for the Arts, funded by the Ministry of Education and Culture. State-funded advocacy/coordination body.",Nordics,English; Finnish,,https://neogames.fi/,,,,,,,,,
Nordic Game Institute (NGI) / Nordic Game Conference,Institutions,Organisation,Industry association,"The bloc's connective tissue, where the five national bodies coordinate and the venue where Nordic industry conditions get discussed publicly each year. Nordic Game Conference runs in Malmö. Institute output is thin publicly. Most value is in conference programming and the networks behind it",Nordics,English,,https://nordicgame.com/,,,,,,,,,
NIMBI GameLab,Institutions,Organisation,Government agency,"A state agency for game development and game culture, funding both artistic and commercial games plus export promotion and talent development. Established Aug 2024 under the Ministry of Culture with around 8 staff and a DKK 10.4m budget for 2026, described as the first dedicated national games agency of its kind in Europe. English coverage is partial. Focused on Denmark.",Nordics,Danish; English,,https://www.nimbi.dk/,,,,,,,,,
Games Denmark,Institutions,Organisation,Industry association,"The Danish industry's newly organised voice. Established 2024 in partnership with Dansk Erhverv, the Danish Chamber of Commerce.",Nordics,Danish,,https://gamesdenmark.dk/,,,,,,,,,
Virke Produsentforeningen: games section (+ Spillprisen),Institutions,Organisation,Industry association,"The organised centre of the Norwegian professional games industry. Spillprisen's annual entry list and winners are the clearest public index of what Norway actually shipped each year. Virke is Norway's main commerce and services federation. Spillprisen is run with Norsk filminstitutt and Nordic Game. Games are one section of a broader producers' association, so games-specific published data is thin. Norwegian-language.",Nordics,Norwegian,,https://www.virke.no/pavirkningsarbeid/bransjer/produsentforeningen/spillprisen/,,,,,,,,,
Noneda (Norwegian Network for Video Game Companies),Institutions,Organisation,Industry association,"The working centre of the Norwegian games industry: Konsoll and Konsoll Connect (pitching, investors, publishers), plus skills programmes and investor-facing overviews of the national scene. Also the loudest public critic of Norwegian games policy: its statements on successive national budgets failing to fund industry-building are the clearest record of the state-support gap Norway has versus Sweden, Finland and Denmark. Established 2020 as Video Game Center. Konsoll is Norway's largest game development conference, held in Bergen each autumn. Membership body (NOK 490/yr) with limited published data. Its policy statements are advocacy.",Nordics,Norwegian; English,,https://noneda.no/en/,,,,,,,,,
PARP: Polska Agencja Rozwoju Przedsiębiorczości (games sector programme),Institutions,Organisation,Government agency,"The government's institutional home for games as an export industry, with EU structural funding attached. PARP offers the clearest view of how Poland positions gamedev in industrial policy. Its export promotion programme publishes the national games report. An economic-development agency, not a games regulator or culture body.",PL,Polish; English,,https://www.parp.gov.pl/,,,,,,,,,
Fundacja Indie Games Poland,Institutions,Organisation,Industry association,"The indie-side voice for the Polish market. Its people sit on the national sectoral council that maps industry workforce needs, and contribute to the PARP report. Co-organiser of Game Industry Conference. Advocacy body for a segment (indies), not the whole industry. Limited standalone data output",PL,Polish; English,,https://igp.org.pl/en/,,,,,,,,,
Krakowski Park Technologiczny (KPT): games sector,Institutions,Organisation,Government agency,"The institutional engine of Polish games research and industry gathering. Digital Dragons and Digital Dragons Awards are where the sector's year gets assessed publicly. A technology park and games cluster. Publishes the national research series. Digital Dragons, Europe's major B2B games conference, runs in Kraków. Regional development body with EU/ministry funding, so its research is partly promotional infrastructure",PL,Polish; English,,https://www.kpt.krakow.pl/,,,,,,,,,
數位娛樂軟體分級查詢網 (Digital Game Rating Query Site): 數位發展部數位產業署,Institutions,Organisation,Rating body,"Taiwan's mandatory five-tier rating system (普 / 護 / 輔12 / 輔15 / 限) with a public lookup database, a Tier-A record of what was rated and when. Also now covers location-based VR/體感 venues, which must register site, equipment and content. Run by the Ministry of Digital Affairs (MODA), Administration for Digital Industries. The database interface is crazy dated.",TW,Traditional Chinese,,https://www.gamerating.org.tw/,,,,,,,,,
遊戲軟體分級管理辦法 (Game Software Rating Management Regulations),Institutions,Report or document,Regulation or law,"Mandatory Chinese-language rating labels with specified minimum pixel/centimetre sizes, compulsory warnings about gambling use and paid-item spending, disclosure of rating level in advertising, and takedown powers over unrated foreign titles accessed online. Issued 2006 as 電腦軟體分級辦法, renamed and rewritten 2012, amended through 2019. Authority transferred from MOEA to MODA in August 2022.",TW,Traditional Chinese,,https://law.moda.gov.tw/LawContent.aspx?id=FL039733,,,,,,,,,
CTeSA: 中華民國電子競技運動協會 (Chinese Taipei Esports Association),Institutions,Organisation,Esports body,"Taiwan's formal esports institution and the record of an unusual policy arc: an official 2017 assessment concluded esports was not a sport, then in November 2017 the legislature amended the Sports Industry Development Act to include esports, and CTeSA's own site documents both. Handles national team selection, IESF/AESF/GEF representation, and hosted the 2018 IESF World Championship in Kaohsiung (~50 countries, 700+ players). Established 10 Jan 2012, the sole designated esports agency of the Ministry of Sports and the Chinese Taipei Olympic Committee, and a founding member of IESF. Its chair is the chairman of Gamania (遊戲橘子), a listed publisher, so the national esports body is led by industry, a conflict worth stating. Also has a history of controversy (e.g. a public apology over an awards-show invitation)",TW,Traditional Chinese,,https://ctesa.com.tw/,,,,,,,,,
Agency for Cultural Affairs,Institutions,Organisation,Government agency,Media arts policy. The state's framing of games-as-culture.,JP,Japanese,,https://www.bunka.go.jp/english/,,,,,,,,,
MIC (Ministry of Internal Affairs and Communications),Institutions,Organisation,Government agency,Communications ministry. ICT and media usage statistics.,JP,Japanese,,https://www.soumu.go.jp/,,,,,,,,,
JESU (Japan Esports Union),Institutions,Organisation,Esports body,Esports governing body.,JP,Japanese,,https://jesu.or.jp,,,,,,,,,
NHK Broadcasting Culture Research Institute,Institutions,Organisation,Research institute,国民生活時間調査 (time-use survey) + media consumption research. Primary data on how Japanese people actually spend time.,JP,Japanese,,https://www.nhk.or.jp/bunken/,,,,,,,,,
JOGA,Institutions,Organisation,Industry association,Online games association. Gacha and online self-regulation guidelines.,JP,Japanese,,https://japanonlinegame.org,,,,,,,,,
Children and Screens,Institutions,Organisation,Research institute,Interdisciplinary research institute on digital media and child development.,US,English,,https://childrenandscreens.org,,,,,,,,,
Pew Research Center,Institutions,Organisation,Research institute,"Free, transparent, longitudinal. The 'Teens, Social Media and Technology' series is the backbone for the young-people segment.",US,English,,https://pewresearch.org,,,,,,,,,
American Academy of Pediatrics,Institutions,Organisation,Safety and advocacy org,Medical professional association. Clinical framing on media and children. Runs a Center of Excellence on Social Media and Youth Mental Health.,US,English,,https://aap.org,,,,,,,,,
CDC / NCHS,Institutions,Organisation,Government agency,Federal data on teen screen time and wellbeing. An independent check on both industry and advocacy claims.,US,English,,https://cdc.gov/nchs,,,,,,,,,
Common Sense Media,Institutions,Organisation,Research institute,Free primary research. Nonprofit that also publishes family-facing media ratings.,US,English,,https://commonsensemedia.org,,,,,,,,,
Fairplay,Institutions,Organisation,Safety and advocacy org,"Advocacy, openly campaigning (formerly Campaign for a Commercial-Free Childhood). Shap articulation of the anti-commercialisation position.",US,English,,https://fairplayforkids.org,,,,,,,,,
mpfs (JIM/KIM Studies),Institutions,Organisation,Research institute,"JIM (12-19) and KIM (6-13) studies, the gold-standard annual youth media-use data in Germany.",DE,German,,https://mpfs.de,,,,,,,,,
Stiftung Digitale Spielekultur,Institutions,Organisation,Cultural institution,"Games-and-society projects, education initiatives, cultural programming around games. Co-founded by the game association, so industry-adjacent but genuinely public-interest. Owner: Industry-founded foundation.",DE,German,,https://www.stiftung-digitale-spielekultur.de,,,,,,,,,
spielbar.de,Institutions,Organisation,Parent guidance platform,"Pedagogical game assessments from the Federal Agency for Civic Education, from a parent/educator perspective. State-funded (bpb).",DE,German,,https://www.spielbar.de,,,,,,,,,
ARD/ZDF-Medienstudie,Institutions,Report or document,Report or data series,"Long-running population-level media use data (formerly Onlinestudie) for adult baselines. Methodology changed with the 2023 rebrand, so check series comparability.",DE,German,,https://www.ard-zdf-medienstudie.de,,,,,,,,,
Leibniz-Institut für Medienforschung | Hans-Bredow-Institut,Institutions,Organisation,Research institute,"Academic research on platforms, youth media, regulation, with a good EN publication share.",DE,German; English,,https://www.hans-bredow-institut.de,,,,,,,,,
jugendschutz.net,Institutions,Organisation,Safety and advocacy org,"Reports on risks to minors in games/apps (monetization, contact risks, dark patterns). Joint federal/state body.",DE,German,,https://www.jugendschutz.net,,,,,,,,,
SNJV,Institutions,Organisation,Industry association,"Annual Baromètre du jeu vidéo on French studios, employment, production. Advocacy body (developers).",FR,French,,https://snjv.org,,,,,,,,,
France Esports,Institutions,Organisation,Esports body,Barometer data on French esports practice and audience. Association co-founded with state involvement.,FR,French,,https://france-esports.org,,,,,,,,,
PédaGoJeux,Institutions,Organisation,Parent guidance platform,"The French parents' resource on games: age ratings explained, screen-time guidance, family practice. Coalition (ministry, SELL, UNAF, e-Enfance).",FR,French,,https://www.pedagojeux.fr,,,,,,,,,
e-Enfance / 3018,Institutions,Organisation,Safety and advocacy org,"Cyberbullying and online-risk reporting for minors, incl. in-game contexts. Runs the national 3018 helpline. State-recognized association. Advocacy-inflected reports, useful incident data.",FR,French,,https://e-enfance.org,,,,,,,,,
TIGA,Institutions,Organisation,Industry association,"Developer-side employment and production data. Tax-relief policy analysis. Advocacy body (developers), complements Ukie.",UK,English,,https://tiga.org,,,,,,,,,
Games Rating Authority,Institutions,Organisation,Rating body,"UK administrator of PEGI ratings, with rating criteria and search. Statutory role for boxed games. Digital storefronts use IARC.",UK,English,,https://gamesratingauthority.org.uk,,,,,,,,,
Ask About Games,Institutions,Organisation,Parent guidance platform,"Plain-English parent guidance on ratings, family controls, healthy play. Run by the GRA with industry involvement. Equivalent to France's PédaGoJeux.",UK,English,,https://www.askaboutgames.com,,,,,,,,,
Internet Matters,Institutions,Organisation,Safety and advocacy org,"Research and guidance on children's online safety incl. gaming (contact risk, spending, wellbeing). Industry-funded coalition. Research output is substantial.",UK,English,,https://www.internetmatters.org,,,,,,,,,
BAFTA Games,Institutions,Organisation,Event or awards,"Cultural legitimacy via an awards archive, talent programs, YGD (young game designers). Awards body, not a data source. Useful for tracking what UK institutions canonize. Owned by BAFTA.",UK,English,,https://www.bafta.org/games,,,,,,,,,
British Esports Federation,Institutions,Organisation,Esports body,"National esports structures: schools/college competitions, the Sunderland national arena. Government-recognized body.",UK,English,,https://britishesports.org,,,,,,,,,
Esports World Cup Foundation,Institutions,Organisation,Event or awards,"Primary source for the largest esports prize pool in the world ($75M, 2026) and its club ecosystem. PIF-funded nonprofit.",MENA,English; Arabic,,https://esportsworldcup.com,,,,,,,,,
Savvy Games Group,Institutions,Organisation,Government agency,"Primary source for the PIF gaming strategy: ESL FACEIT, Moonton, stakes in Nintendo/Take-Two, National Gaming Strategy targets. The most important primary source on MENA games investment, but definitely not neutral.",MENA,English; Arabic,,https://savvygames.com,,,,,,,,,
AD Gaming,Institutions,Organisation,Government agency,"Abu Dhabi's games-industry development program, the UAE counterpart to Saudi's strategy (Dubai runs its own Program for Gaming 2033).",MENA,English; Arabic,,https://www.instagram.com/abudhabi_gaming/?hl=en,,,,,,,,,
FRMJE,Institutions,Organisation,Esports body,The Maghreb's most structured esports body with national competitions (E-DAWRY). Royal federation under ministry tutelage.,MENA,French; Arabic,,https://frmje.ma,,,,,,,,,
La Guilde du jeu vidéo du Québec,Institutions,Organisation,Industry association,"The voice of Québec's 330+ studios includes sector data, tax-credit advocacy, DEI programs. Advocacy cooperative. An essential source on the world's densest games cluster per capita.",CA,French; English,,https://laguilde.quebec,,,,,,,,,
Interactive Ontario,Institutions,Organisation,Industry association,Ontario's interactive-media sector data and policy positions.,CA,English,,https://interactiveontario.com,,,,,,,,,
Canada Media Fund,Institutions,Organisation,Funding body,"Public games funding data and trend reports. Canada treats games as cultural industry, like France's CNC.",CA,English; French,,https://cmf-fmc.ca,,,,,,,,,
Canadian Game Awards,Institutions,Organisation,Event or awards,"The national canon-marker for Canadian-made games (6th edition 2026, with the Eh! Game Showcase).",CA,English,,https://canadiangameawards.ca/en,,,,,,,,,
GPC / CADPA Game Working Committee,Institutions,Organisation,Industry association,The official China Games Industry Report. State-supervised industry body. Numbers are the canonical record + the official narrative. Full PDFs circulate via third-party report sites.,CN,Chinese,,https://www.cadpa.org.cn,,,,,,,,,
NPPA,Institutions,Organisation,Regulator,"Monthly game license (版号) approval lists, the primary source for what may legally publish in China. Government site, Chinese only. Loads from outside China but can be slow.",CN,Chinese,,https://www.nppa.gov.cn,,,,,,,,,
CNNIC,Institutions,Organisation,Government agency,"Statistical reports on internet use incl. the annual minors' internet usage study, the China youth-media data source. State body.",CN,Chinese; English,,https://www.cnnic.cn,,,,,,,,,
Entertainment Software Association of Canada,Institutions,Organisation,Government agency,"Statistics on Canada's video game industry, including studios, employment, and more",CA,English; French,,https://canadasvideogameindustry.ca/,,,,,,,,,
SEC,Institutions,Organisation,Government agency,An independent agency of the US government whose primary purpose is to enforce laws against market manipulation.,US,English,,https://www.sec.gov/,,,,,,,,,
This Week in Video Games,Press,News outlet,Games news site,"Weekly news on video games, plus a game releases calendar and tracker",US,English,,https://thisweekinvideogames.com/,,Unknown,,,,,,,
Yonhap,Press,News outlet,Wire agency,AP-equivalent national wire. First stop for a verified baseline. The EN edition (en.yna.co.kr) is reliable but thinner.,KR,Korean; English,,https://yna.co.kr,,State-linked,Its largest shareholder is the government established News Agency Promotion Committee.,,,,,,
MBC News,Press,News outlet,Broadcaster,Highest-trust brand with strong investigative reporting. Public-broadcaster politics shift with administration.,KR,Korean,,https://imnews.imbc.com,,Public (Foundation for Broadcast Culture),,,,,,,
JTBC News,Press,News outlet,Broadcaster,"High trust, strong digital/youth reach.",KR,Korean,,https://news.jtbc.co.kr,,JoongAng Group (Hong family),The JoongAng Group entered a creditor led workout in 2026 and the Hong family is selling its controlling stake in the newspaper.,,,,,,
YTN,Press,News outlet,Broadcaster,"Korea's first all-news channel. Neutral, wire-style.",KR,Korean,,https://ytn.co.kr,,Eugene Group,Eugene Group bought the state linked 30.95% stake in 2024 and a court voided the regulatory approval in November 2025 so ownership is under re-review.,,,,,,
KBS News,Press,News outlet,Broadcaster,National reach. Flagship public service.,KR,Korean,,https://news.kbs.co.kr,,State-owned (public broadcaster),,,,,,,
SBS News,Press,News outlet,Broadcaster,"Commercial broadcaster, strong digital.",KR,Korean,,https://news.sbs.co.kr,,TY Holdings (Taeyoung Group),,,,,,,
Chosun Ilbo,Press,News outlet,National daily,Largest-circulation daily. Conservative anchor of 조중동. EN: chosun.com/english.,KR,Korean; English,,https://chosun.com,,Chosun Media (Bang family),,,,,,,
JoongAng,Press,News outlet,National daily,Big-three daily / paper of record. Strong culture desk. Editorially conservative.,KR,Korean,,https://joongang.co.kr,,JoongAng Group (Hong family),The JoongAng Group entered a creditor led workout in 2026 and the Hong family is selling its controlling stake.,,,,,,
Dong-A Ilbo,Press,News outlet,National daily,Oldest of the big three (1920). EN: donga.com/en. Editorially conservative.,KR,Korean; English,,https://donga.com,,Dong-A Media Group (Kim family),,,,,,,
Hankyoreh,Press,News outlet,National daily,"Founded 1988, independent and center-left. Strong on labor, gender, youth. EN: english.hani.co.kr.",KR,Korean; English,,https://hani.co.kr,,Independent (citizen shareholders),,,,,,,
Kyunghyang,Press,News outlet,National daily,Independent reporting with good culture/society coverage. Editorially progressive.,KR,Korean,,https://khan.co.kr,,Independent (employee-owned),,,,,,,
Hankook Ilbo,Press,News outlet,National daily,Centrist. Sister title to Korea Times.,KR,Korean,,https://hankookilbo.com,,Dongwha Group,Acquired by the wood materials group Dongwha in 2015.,,,,,,
Maeil Business,Press,News outlet,Business daily,Leading business daily. EN: Pulse (pulsenews.co.kr). Best for industry/market data.,KR,Korean; English,,https://mk.co.kr,,Maekyung Media Group,,,,,,,
Hankyung,Press,News outlet,Business daily,Major economic daily. EN: KED Global (kedglobal.com).,KR,Korean; English,,https://hankyung.com,,Corporate consortium,Its shareholders are major Korean corporations that its business coverage reports on.,,,,,,
Korea Herald,Press,News outlet,National daily,Korea's largest English daily (1953). English-layer entry point.,KR,English,,https://koreaherald.com,,Jungheung Group,The construction group Jungheung acquired control of Herald Corp in 2019.,,,,,,
Korea JoongAng Daily,Press,News outlet,National daily,Most internationally cited. NYT association.,KR,English,,https://koreajoongangdaily.joins.com,,JoongAng Group (Hong family),The JoongAng Group entered a creditor led workout in 2026 and the Hong family is selling its controlling stake.,,,,,,
Korea Times,Press,News outlet,National daily,Korea's oldest English daily (1950). Strong culture/lifestyle for EN readers.,KR,English,,https://koreatimes.co.kr,,Dongwha Group (via Hankook Ilbo),,,,,,,
Channel A,Press,News outlet,Broadcaster,Partisan. Use with care. A 종편 (comprehensive programming) cable channel.,KR,Korean,,https://ichannela.com,,Dong-A Media Group,,,,,,,
TV Chosun,Press,News outlet,Broadcaster,Partisan. Use with care. A 종편 (comprehensive programming) cable channel.,KR,Korean,,https://tvchosun.com,,Chosun Media (Bang family),,,,,,,
MBN,Press,News outlet,Broadcaster,Partisan. Use with care. A 종편 (comprehensive programming) cable channel.,KR,Korean,,https://mbn.co.kr,,Maekyung Media Group,,,,,,,
Cine21,Press,News outlet,Magazine or weekly,Korea's only film weekly and most influential film magazine. Reference for screen culture & fandom.,KR,Korean,,https://cine21.com,,Hankyoreh,,,,,,,
SisaIN,Press,News outlet,Magazine or weekly,#1 current-affairs weekly. Strong society/youth/trend reportage with depth.,KR,Korean,,https://sisain.co.kr,,Independent (journalist and reader shareholders),,,,,,,
Hankyoreh21,Press,News outlet,Magazine or weekly,Long-form social/cultural reportage with a progressive lens.,KR,Korean,,https://h21.hani.co.kr,,Hankyoreh,,,,,,,
Magazine B,Press,News outlet,Magazine or weekly,Global English edition in ~15 countries. Benchmark for how Korea reads brands. Brand-documentary format.,KR,Korean; English,,https://magazine-b.com,,Musinsa (B Media Company),The fashion platform Musinsa acquired publisher B Media Company in full in 2026.,,,,,,
Careet,Press,News outlet,Desk or vertical of a larger outlet,"By youth-insight firm 대학내일ES. Go-to Gen Z decoder. Brand-adjacent (trend signal, not neutral). Paywalled.",KR,Korean,,https://careet.net,,Univ Tomorrow ES,,,,,,,
Longblack,Press,News outlet,Digital news outlet,One-note-a-day on brands/retail/consumer culture. Curated and opinionated. Subscription.,KR,Korean,,https://longblack.co,,Unknown,,,,,,,
Design House,Press,News outlet,Magazine or weekly,Institutional design-press voice.,KR,Korean,,https://design.co.kr,,Design House Inc. (independent publisher),,,,,,,
TenAsia,Press,News outlet,Culture and entertainment outlet,"Hankyung-affiliated. OK for K-pop/drama industry, lighter on meaning.",KR,Korean,,https://tenasia.co.kr,,Hankyung Media Group,,,,,,,
OSEN,Press,News outlet,Culture and entertainment outlet,"High-volume celebrity coverage, tabloid-leaning. Event/behavior facts OK, interpretation weak.",KR,Korean,,https://osen.co.kr,,Unknown,It operates in partnership with Money Today but its controlling shareholder was not verified.,,,,,,
Star News,Press,News outlet,Culture and entertainment outlet,"High-volume celebrity coverage, tabloid-leaning.",KR,Korean,,https://starnewskorea.com,,Money Today Media Group,,,,,,,
MyDaily,Press,News outlet,Culture and entertainment outlet,"High-volume celebrity coverage, tabloid-leaning.",KR,Korean,,https://mydaily.co.kr,,Unknown,,,,,,,
Soompi,Press,News outlet,Aggregator,Shows what Western fandom consumes. Low editorial authority and aggregation-heavy. Not for hard claims.,KR,English,,https://soompi.com,,Rakuten (Viki),Owned since 2015 by Rakuten's streaming service Viki which distributes the Korean content the site covers.,,,,,,
allkpop,Press,News outlet,Aggregator,Aggregation/rumor-heavy.,KR,English,,https://allkpop.com,,6Theory Media (founder-owned),,,,,,,
Inven,Press,News outlet,Games news site,Korea's largest gaming publication. Community boards = behavioral/fandom texture.,KR,Korean,,https://inven.co.kr,,Inven Communications,,,,,,,
ThisIsGame,Press,News outlet,Games news site,Founded 2005 by specialist journalists. Most analytical / least PR-driven. Best Korean source for meaning.,KR,Korean,,https://thisisgame.com,,Independent (ThisIsGame.com Inc.),,,,,,,
GameMeca,Press,News outlet,Games news site,"Long-running news, rankings, guides.",KR,Korean,,https://gamemeca.com,,Zeu Media,,,,,,,
Game Donga,Press,News outlet,Games news site,Industry/news with newspaper-affiliated credibility.,KR,Korean,,https://game.donga.com,,Dong-A Media Group (IT Donga),,,,,,,
Game Generation,Press,News outlet,Games magazine,Critical/academic counterweight to the webzine model. Ideal for cultural-code work. KOCCA-adjacent.,KR,Korean,,https://gamegeneration.or.kr,,Game Culture Foundation,Published by a foundation funded by the game industry it critiques.,,,,,,
Fomos,Press,News outlet,Trade press,Veteran esports outlet. Scene history & pro coverage.,KR,Korean,,https://fomos.kr,,Unknown,,,,,,,
Daily Esports,Press,News outlet,Trade press,"Dedicated esports daily covering results, transfers, and scene news.",KR,Korean,,https://dailyesports.com,,Unknown,,,,,,,
Kyunghyang Games,Press,News outlet,Trade press,Business of games.,KR,Korean,,https://khgames.co.kr,,Kyunghyang Shinmun,,,,,,,
Inven Global,Press,News outlet,Esports news site,English LCK + Korean industry with on-the-ground access. Strongest English bridge to the scene.,KR,English,,https://invenglobal.com,,Inven Communications,,,,,,,
Dot Esports,Press,News outlet,Esports news site,"Broad coverage incl. LCK, fast and traffic-driven. Cross-check claims.",KR,English,,https://dotesports.com,,GAMURS Group,,,,,,,
Dexerto,Press,News outlet,Esports news site,"Creator-economy and esports drama at scale, a primary object of study for streamer culture and sometimes a source. The TMZ of esports.",UK; KR,English,,https://www.dexerto.com,,Independent (founder-owned),,,,,,,
Sheep Esports,Press,News outlet,Esports news site,Strong on roster moves incl. LCK. Scoop-oriented.,KR,English,,https://sheepesports.com,,Independent,,,,,,,
ETNews,Press,News outlet,Tech news site,Flagship IT daily with industry/policy depth.,KR,Korean,,https://etnews.com,,Douzone Bizon,"Sold by the construction group Hoban in 2023 to Douzone Bizon, an IT software company operating in the sector the paper covers.",,,,,,
ZDNet Korea,Press,News outlet,Tech news site,Established tech specialist.,KR,Korean,,https://zdnet.co.kr,,Mega News (ZDNET licensee),A Korean company publishing under license from the US ZDNET brand.,,,,,,
Digital Daily,Press,News outlet,Tech news site,"Covers games & content, AI, platforms. Naver CP.",KR,Korean,,https://ddaily.co.kr,,Unknown,,,,,,,
Bloter,Press,News outlet,Tech news site,Platform culture. Analytical.,KR,Korean,,https://bloter.net,,Unknown,,,,,,,
inews24,Press,News outlet,Tech news site,Long-standing IT coverage.,KR,Korean,,https://inews24.com,,Unknown,,,,,,,
Nikkei Asia,Press,News outlet,Digital news outlet,Best English-language business/industry read on Japan.,JP,English,,https://asia.nikkei.com,,Nikkei Inc. (employee-owned),,,,,,,
NTV,Press,News outlet,Broadcaster,"Commercial broadcaster with broad reach, lighter than NHK on documentation.",JP,Japanese,,https://ntv.co.jp,,Nippon TV Holdings (Yomiuri Group),,,,,,,
Sankei Shimbun,Press,News outlet,National daily,Major national daily but the most ideologically pronounced of the big five. Use with care.,JP,Japanese,,https://sankei.com,,Fujisankei Group (Fuji Media Holdings),,,,,,,
Diamond Online,Press,News outlet,Magazine or weekly,Business/management. Some traffic-chasing.,JP,Japanese,,https://diamond.jp,,Diamond Inc.,,,,,,,
Asahi Shimbun,Press,News outlet,National daily,Major liberal daily with strong culture and society desks. EN: https://asahi.com/ajw.,JP,Japanese; English,,https://asahi.com,,Asahi Shimbun Co. (founding family and employee shareholders),,,,,,,
Yomiuri Shimbun,Press,News outlet,National daily,"World's largest-circulation newspaper (2019 statistic), conservative. EN: https://japannews.yomiuri.co.jp.",JP,Japanese; English,,https://yomiuri.co.jp,,Yomiuri Shimbun Holdings,,,,,,,
Kyodo News,Press,News outlet,Wire agency,"National wire, syndicated everywhere. EN: https://english.kyodonews.net. Also distributes via https://nordot.app.",JP,Japanese; English,,https://kyodonews.net,,Nonprofit (news cooperative),,,,,,,
NHK News,Press,News outlet,Broadcaster,Japan's trust anchor across the political spectrum. A majority of both left and right say they'd turn to NHK to verify. First stop for a verified baseline.,JP,Japanese,,https://www3.nhk.or.jp/news,,NHK (public broadcaster),,,,,,,
TV Asahi,Press,News outlet,Broadcaster,"Commercial broadcaster with broad reach, lighter than NHK on documentation.",JP,Japanese,,https://tv-asahi.co.jp,,TV Asahi Holdings (Asahi Shimbun affiliated),,,,,,,
Nikkei,Press,News outlet,Business daily,The business/industry record. Hard paywall. EN: Nikkei Asia (https://asia.nikkei.com).,JP,Japanese; English,,https://nikkei.com,,Nikkei Inc. (employee-owned),,,,,,,
Tokyo Shimbun,Press,News outlet,National daily,"Progressive counterweight, strong on civil society. A regional daily with national standing.",JP,Japanese,,https://tokyo-np.co.jp,,Chunichi Shimbun Co.,,,,,,,
TBS,Press,News outlet,Broadcaster,"Commercial broadcaster with broad reach, lighter than NHK on documentation.",JP,Japanese,,https://tbs.co.jp,,TBS Holdings,,,,,,,
NHK World-Japan,Press,News outlet,Broadcaster,"English arm, reliable but compressed. Entry point, not source layer.",JP,English,,https://nhk.or.jp/nhkworld,,NHK (public broadcaster),,,,,,,
Fuji TV,Press,News outlet,Broadcaster,"Commercial broadcaster with broad reach, lighter than NHK on documentation.",JP,Japanese,,https://fujitv.co.jp,,Fuji Media Holdings (Fujisankei Group),,,,,,,
Bunshun Online,Press,News outlet,Magazine or weekly,Scoop machine (週刊文春). Genuinely breaks stories but tabloid register. Verify independently.,JP,Japanese,,https://bunshun.jp,,Bungeishunju Ltd. (independent),,,,,,,
President Online,Press,News outlet,Magazine or weekly,"High-volume, traffic-driven, opinion-heavy. Weak for hard claims.",JP,Japanese,,https://president.jp,,President Inc.,,,,,,,
Jiji Press,Press,News outlet,Wire agency,"Second national wire, strong on government/policy.",JP,Japanese,,https://jiji.com,,Employee-owned,,,,,,,
Japan Times,Press,News outlet,National daily,"Japan's leading English daily. Entry point, not source layer.",JP,English,,https://japantimes.co.jp,,News2u Holdings,Acquired by the PR services company News2u Holdings in 2017.,,,,,,
Toyo Keizai Online,Press,News outlet,Magazine or weekly,Analytical business/society long-reads.,JP,Japanese,,https://toyokeizai.net,,Toyo Keizai Inc. (independent),,,,,,,
Mainichi Shimbun,Press,News outlet,National daily,"Major daily, centre-left, with good social reportage. EN: https://mainichi.jp/english.",JP,Japanese; English,,https://mainichi.jp,,Mainichi Newspapers Co.,,,,,,,
Dengeki Online,Press,News outlet,Games news site,Long-running. News/reviews/guides. KADOKAWA lineage.,JP,Japanese,,https://dengekionline.com,,KADOKAWA,,,,,,,
BRUTUS,Press,News outlet,Magazine or weekly,Japan's taste-setting magazine (Magazine House). Issue themes are themselves cultural signals.,JP,Japanese,,https://brutus.jp,,Magazine House,,,,,,,
Denfaminicogamer,Press,News outlet,Games news site,"Founded jointly by Famitsu + Dengeki + 4Gamer + Niconico to surface creators' own thinking, built because the industry had too little primary-source material. The deep developer-interview outlet.",JP,Japanese,,https://news.denfaminicogamer.jp,,Mare Inc. (founder-owned),Spun out of Dwango in 2019 into a company owned by its editor in chief.,,,,,,
AUTOMATON,Press,News outlet,Games news site,"The critical/honest-opinion outlet: far fewer press releases than 4Gamer, more original reporting, overseas coverage, indie-developer interviews. BEST JP source for meaning. EN edition exists.",JP,Japanese; English,,https://automaton-media.com,,Active Gaming Media,Its parent is a game localization and publishing company that works for the industry the outlet covers.,,,,,,
Dentsu-ho,Press,News outlet,Trade press,Dentsu's own outlet incl. its youth-research unit (ワカモン). Brand-adjacent. Read as industry framing.,JP,Japanese,,https://dentsu-ho.com,,Dentsu Group,,,,,,,
Yahoo! News Japan,Press,News outlet,Aggregator,"Portal, not a publisher. Where Japan actually reads the news.",JP,Japanese,,https://news.yahoo.co.jp,,LY Corporation (SoftBank and Naver),,,,,,,
Natalie,Press,News outlet,Culture and entertainment outlet,"The daily record of Japanese pop culture. Verticals: https://natalie.mu/comic (manga/anime), /music, /eiga, /stage, /owarai. Fast, factual, comprehensive.",JP,Japanese,,https://natalie.mu,,KDDI (Natasha Inc.),The telecom carrier KDDI has held 90% of publisher Natasha since 2014.,,,,,,
Casa BRUTUS,Press,News outlet,Magazine or weekly,"Design/architecture (Magazine House). Spatial and retail culture, relevant to physical-digital play spaces.",JP,Japanese,,https://casabrutus.com,,Magazine House,,,,,,,
Nikkei X-Trend,Press,News outlet,Digital news outlet,"The trend-analysis benchmark, where youth-research findings get interrogated rather than just announced. Paywalled.",JP,Japanese,,https://xtrend.nikkei.com,,Nikkei Inc. (Nikkei BP),,,,,,,
4Gamer.net,Press,News outlet,Games news site,Japan's largest general games info site. Strong interviews and the long-running Access Accepted column. High press-release volume alongside.,JP,Japanese,,https://4gamer.net,,Digital Hearts Holdings (Aetas),"Owned since 2012 by Digital Hearts, a QA and debugging company whose clients are the game publishers the site covers.",,,,,,
Oricon News,Press,News outlet,Culture and entertainment outlet,Chart data is authoritative. Editorial is light entertainment coverage.,JP,Japanese,,https://oricon.co.jp,,Oricon Inc.,,,,,,,
Famitsu,Press,News outlet,Games magazine,Japan's most established games brand (KADOKAWA). Its sales rankings are the industry reference. News is PR-inflected.,JP,Japanese,,https://famitsu.com,,KADOKAWA (KADOKAWA Game Linkage),KADOKAWA also publishes games so the owner has a stake in the industry the outlet covers.,,,,,,
POPEYE,Press,News outlet,Magazine or weekly,'City boy' register (Magazine House). Young-adult aesthetics.,JP,Japanese,,https://popeyemagazine.jp,,Magazine House,,,,,,,
Benesse Kyoiku Joho,Press,News outlet,Culture and entertainment outlet,"Reaches parents of primary-to-high schoolers, but it is a company's owned media. Audience signal, not evidence.",JP,Japanese,,https://benesse.jp,,Benesse Holdings,Benesse was taken private in 2024 by the founding Fukutake family and the Swedish fund EQT.,,,,,,
Real Sound,Press,News outlet,Culture and entertainment outlet,"Music/film/tech culture. Volume-driven, uneven depth.",JP,Japanese,,https://realsound.jp,,blueprint Inc.,,,,,,,
CINRA,Press,News outlet,Culture and entertainment outlet,"Arts/music/social culture. Interview-led, younger register.",JP,Japanese,,https://cinra.net,,"CINRA, Inc. (independent)",,,,,,,
Mogura VR,Press,News outlet,Trade press,"The XR/immersive record, relevant to the phygital strand.",JP,Japanese,,https://moguravr.com,,Mogura Inc. (founder-owned),,,,,,,
ASCII.jp,Press,News outlet,Tech news site,Long-standing. Consumer tech and industry.,JP,Japanese,,https://ascii.jp,,KADOKAWA (ASCII Research Labs),,,,,,,
Inside,Press,News outlet,Games news site,General games news. Sister title to Game*Spark. (iid / イード),JP,Japanese,,https://inside-games.jp,,"IID, Inc.",,,,,,,
GAME Watch,Press,News outlet,Games news site,Hardware/industry-leaning. Impress's engineering rigor.,JP,Japanese,,https://game.watch.impress.co.jp,,Impress Holdings,,,,,,,
Anime! Anime!,Press,News outlet,Culture and entertainment outlet,"Broad anime coverage, lighter analysis. (iid / イード)",JP,Japanese,,https://animeanime.jp,,"IID, Inc.",,,,,,,
Game*Spark,Press,News outlet,Games news site,"Overseas and PC-leaning coverage, fast. (iid / イード)",JP,Japanese,,https://gamespark.jp,,"IID, Inc.",,,,,,,
Gematsu,Press,News outlet,Games news site,US-based. The strongest English source for Japanese game announcements and releases.,JP,English,,https://gematsu.com,,Founder-owned,,,,,,,
Gamer,Press,News outlet,Games news site,News and interviews. Mobile/console.,JP,Japanese,,https://gamer.ne.jp,,Unknown,,,,,,,
IGN Japan,Press,News outlet,Games news site,Reviews and features. JP-original content alongside translations.,JP,Japanese,,https://jp.ign.com,,Fujisankei Group (Sankei Digital),Published by Sankei Digital under license from Ziff Davis's IGN.,,,,,,
CNET Japan,Press,News outlet,Tech news site,"Business/tech, lighter.",JP,Japanese,,https://japan.cnet.com,,Asahi Shimbun (Asahi Interactive),Published under license from the US CNET brand.,,,,,,
Gamebiz,Press,News outlet,Trade press,Mobile and industry business news. The JP analogue for market/company data.,JP,Japanese,,https://gamebiz.jp,,Bushiroad Group,"Owned since 2020 by Bushiroad, a game and entertainment company operating in the industry the outlet covers.",,,,,,
eSports World,Press,News outlet,Esports news site,"Japan's dedicated esports vertical: tournaments, community events, esports facilities, business, player interviews.",JP,Japanese,,https://esports-world.jp,,Unknown,,,,,,,
Media Arts Current Contents,Press,News outlet,Magazine or weekly,"Agency for Cultural Affairs. Institutional/academic on manga, anime and games. Government-run, citable.",JP,Japanese,,https://mediag.bunka.go.jp,,State-owned (Agency for Cultural Affairs),,,,,,,
Anime News Network,Press,News outlet,Culture and entertainment outlet,"US/Canada-based but the authoritative English-language industry record. Real reporting, not aggregation.",JP,English,,https://animenewsnetwork.com,,Kadokawa (Kadokawa World Entertainment),The anime and manga publisher Kadokawa has majority owned ANN since 2022 with minority stakes held by its founder and Bandai Namco Filmworks.,,,,,,
ITmedia,Press,News outlet,Tech news site,Broad and established. ITmedia NEWS/Business for platform and AI coverage.,JP,Japanese,,https://itmedia.co.jp,,ITmedia Inc. (SoftBank Group affiliated),,,,,,,
Impress Watch,Press,News outlet,Tech news site,Umbrella for Internet Watch / AV Watch / GAME Watch. Technical rigor.,JP,Japanese,,https://watch.impress.co.jp,,Impress Holdings,,,,,,,
Animation Business Journal,Press,News outlet,Trade press,Independent analyst-run (数土直志). The business-of-anime read.,JP,Japanese,,https://animationbusiness.info,,Independent (founder-owned),,,,,,,
Nikkei XTech,Press,News outlet,Tech news site,Deep industry/tech. Paywalled.,JP,Japanese,,https://xtech.nikkei.com,,Nikkei Inc. (Nikkei BP),,,,,,,
Siliconera,Press,News outlet,Games news site,US-based. Japanese/Asian games focus.,JP,English,,https://siliconera.com,,GAMURS Group,Acquired by GAMURS Group in 2022.,,,,,,
Business Insider Japan,Press,News outlet,Tech news site,"Original JP reporting on work, tech and youth.",JP,Japanese,,https://businessinsider.jp,,Mediagene (Business Insider licensee),Published by Mediagene under license from Axel Springer's Business Insider.,,,,,,
Bloomberg,Press,News outlet,Wire agency,Specifically for Jason Schreier's games reporting and investigative work,US,English,,https://bloomberg.com,,Bloomberg L.P. (Michael Bloomberg),,,,,,,
The Wall Street Journal,Press,News outlet,Business daily,"Business/tech, with strong investigative work on platforms and child safety. Paywalled.",US,English,,https://wsj.com,,News Corp (Murdoch family),,,,,,,
WIRED,Press,News outlet,Magazine or weekly,"Platform culture, gaming, AI, youth internet. Paywalled.",US,English,,https://wired.com,,Conde Nast (Advance Publications),,,,,,,
The Washington Post,Press,News outlet,National daily,"Major daily. Games vertical Launcher closed in 2023, so games coverage is now general-desk only.",US,English,,https://washingtonpost.com,,Nash Holdings (Jeff Bezos),,,,,,,
The New Yorker,Press,News outlet,Magazine or weekly,Long-form cultural criticism.,US,English,,https://newyorker.com,,Conde Nast (Advance Publications),,,,,,,
Fox News,Press,News outlet,Broadcaster,"Right-identifying audiences turn here to verify information, the other side of the same axis. Include for balance, not authority.",US,English,,https://foxnews.com,,Fox Corporation (Murdoch family),,,,,,,
CNN,Press,News outlet,Broadcaster,"Left-identifying audiences turn here to verify information. Read as one side of the partisan axis, not the centre.",US,English,,https://cnn.com,,Warner Bros. Discovery,Warner Bros. Discovery announced a corporate split in 2025 that places CNN in its global networks company.,,,,,,
Reuters,Press,News outlet,Wire agency,"Global wire, strong on business and tech.",US,English,,https://reuters.com,,Thomson Reuters (Thomson family),,,,,,,
The Guardian US,Press,News outlet,National daily,"Free to read, with strong games and culture desks. UK ownership, so note the outsider lens on US material.",US,English,,https://theguardian.com/us,,Guardian Media Group (Scott Trust),,,,,,,
USA Today,Press,News outlet,National daily,"Broad reach, lighter depth, obnoxious banner ads and pop-ups",US,English,,https://usatoday.com,,Gannett,,,,,,,
The Atlantic,Press,News outlet,Magazine or weekly,"Long-form on tech, childhood and attention. Haidt-adjacent framing on kids and screens is contested. Read against Pew/CDC primaries.",US,English,,https://theatlantic.com,,Emerson Collective (Laurene Powell Jobs),,,,,,,
Axios,Press,News outlet,Digital news outlet,Fast business/media/tech. Axios Gaming is closed.,US,English,,https://axios.com,,Cox Enterprises,Acquired by Cox Enterprises in 2022.,,,,,,
PBS NewsHour,Press,News outlet,Broadcaster,"Public service broadcaster, low reach relative to NHK/BBC.",US,English,,https://pbs.org/newshour,,Nonprofit (public broadcasting),,,,,,,
NPR,Press,News outlet,Broadcaster,"Closest US analogue to a public broadcaster, but nothing like NHK's cross-partisan reach. There is no US common anchor.",US,English,,https://npr.org,,Nonprofit (member station network),,,,,,,
Business Insider,Press,News outlet,Digital news outlet,"Tech/work/youth. Volume-driven, uneven depth.",US,English,,https://businessinsider.com,,Axel Springer,,,,,,,
Associated Press,Press,News outlet,Wire agency,The closest thing to a neutral US baseline. First stop for verified fact.,US,English,,https://apnews.com,,Nonprofit cooperative,,,,,,,
New York Magazine,Press,News outlet,Magazine or weekly,Culture magazine. Parent of Vulture and The Cut.,US,English,,https://nymag.com,,Vox Media,,,,,,,
Vulture,Press,News outlet,Culture and entertainment outlet,Pop-culture criticism (New York Magazine).,US,English,,https://vulture.com,,Vox Media,,,,,,,
The New York Times,Press,News outlet,National daily,"Best-resourced US newsroom with strong tech, culture and family desks. Paywalled.",US,English,,https://nytimes.com,,New York Times Co. (Ochs-Sulzberger family),,,,,,,
Vox,Press,News outlet,Digital news outlet,Explainer/culture. Note: sold Polygon to Valnet in 2025.,US,English,,https://vox.com,,Vox Media,,,,,,,
Rolling Stone,Press,News outlet,Magazine or weekly,Music/culture. Occasional strong games and creator-economy reporting.,US,English,,https://rollingstone.com,,Penske Media,,,,,,,
Fast Company,Press,News outlet,Magazine or weekly,"Design, brand and innovation framing.",US,English,,https://fastcompany.com,,Mansueto Ventures,,,,,,,
Variety,Press,News outlet,Trade press,Entertainment trade incl. games and creator economy.,US,English,,https://variety.com,,Penske Media,,,,,,,
Defector,Press,News outlet,Culture and entertainment outlet,"Worker-owned, the model the other co-ops followed. Culture with a voice. Subscription. Sports and culture coverage.",US,English,,https://defector.com,,Worker-owned,,,,,,,
The Toy Insider,Press,News outlet,Culture and entertainment outlet,Consumer-facing toy recommendations. Commercial. Games adjacent.,US,English,,https://thetoyinsider.com,,Adventure Media and Events,,,,,,,
Hypebeast,Press,News outlet,Culture and entertainment outlet,"Adult collector / 'kidult' culture, drops, toy-adjacent hype.",US,English,,https://hypebeast.com,,Hypebeast Ltd (founder led),,,,,,,
Highsnobiety,Press,News outlet,Culture and entertainment outlet,Adult collector/streetwear culture.,US,English,,https://highsnobiety.com,,Zalando,The fashion retailer Zalando acquired a majority stake in 2022.,,,,,,
Ad Age,Press,News outlet,Trade press,"Brand and marketing strategy coverage, useful for reading how games companies position themselves commercially.",US,English,,https://adage.com,,Crain Communications,,,,,,,
Remap,Press,News outlet,Games news site,Worker-owned successor to Vice's Waypoint. Criticism + podcast. Subscription.,US,English,,https://remapradio.com/,,Worker-owned,,,,,,,
The Cut,Press,News outlet,Culture and entertainment outlet,Family/parenting culture with a critical register (New York Magazine). Useful for the parent strand.,US,English,,https://thecut.com,,Vox Media,,,,,,,
Digiday,Press,News outlet,Trade press,"Creator economy, platform monetisation, advertising.",US,English,,https://digiday.com,,Independent (Digiday Media),,,,,,,
Aftermath,Press,News outlet,Games news site,"Worker-owned. Founded Nov 2023 by ex-Kotaku staff (Grayson, Jackson, MacLeod, Plunkett), explicitly writing 'for people rather than SEO' and refusing to placate capital or PR. It weights culture and criticism over industry data.",US,English,,https://aftermath.site,,Worker-owned,,,,,,,
Deadline,Press,News outlet,Trade press,"Entertainment trade, fast on deals and media-industry labour.",US,English,,https://deadline.com,,Penske Media,,,,,,,
The Toy Book,Press,News outlet,Trade press,"Toy industry trade. Promotional register, so read as industry framing, not evidence.",US,English,,https://toybook.com,,Adventure Media and Events,,,,,,,
Kidscreen,Press,News outlet,Trade press,"Children's entertainment industry, covering commissioning, licensing, platforms.",US,English,,https://kidscreen.com,,Brunico Communications,,,,,,,
The Hollywood Reporter,Press,News outlet,Trade press,Entertainment trade.,US,English,,https://hollywoodreporter.com,,Penske Media,,,,,,,
Teen Vogue,Press,News outlet,Magazine or weekly,Rare mainstream outlet that takes teen politics and culture seriously.,US,English,,https://teenvogue.com,,Conde Nast (Advance Publications),,,,,,,
The Game Business,Press,News outlet,Trade press,"Sharpest current UK industry analysis, founded 2025 by ex-GI.biz head Christopher Dring. Backed by Geoff Keighley (Game Awards). Newsletter-first.",UK; US,English,,https://www.thegamebusiness.com,,Independent (founder-owned),,,,,,,
Digital Foundry,Press,News outlet,Tech news site,The reference for console/PC performance analysis and games-tech literacy. Video-first (YouTube).,UK; US,English,,https://www.digitalfoundry.net,,Independent (IGN and Ziff Davis minority stake),,,,,,,
Second Wind,Press,News outlet,Creator-led outlet,Video criticism founded by ex-Escapist staff incl. Yahtzee Croshaw.,US,English,,https://secondwindgroup.com,,Worker-owned,,,,,,,
The Information,Press,News outlet,Tech news site,High-value scoops on platform and gaming deals. Expensive paywall.,US,English,,https://theinformation.com,,Independent (founder-owned),,,,,,,
Rock Paper Shotgun,Press,News outlet,Games news site,"PC-specialist criticism with a distinctive voice, strong on indie discovery. IGN/Ziff Davis-owned since 2024, with the deputy editor among acquisition layoffs. games.",UK; US,English,,https://www.rockpapershotgun.com,,IGN Entertainment (Ziff Davis),,,,,,,
The Verge,Press,News outlet,Tech news site,Best US read on platform culture and consumer tech. Paywalled since 2024.,US,English,,https://theverge.com,,Vox Media,,,,,,,
GamesIndustry.biz,Press,News outlet,Trade press,"The established UK industry trade read: market data, interviews, GDC/gamescom coverage.",UK; US,English,,https://www.gamesindustry.biz,,IGN Entertainment (Ziff Davis),,,,,,,
Giant Bomb,Press,News outlet,Games news site,"Bought itself back from Fandom in May 2025, now independently owned (Jeffinitely, LLC). Personality-led video/podcast. Strong for fan and adult-player texture.",US,English,,https://giantbomb.com,,"Independent (Jeffinitely, LLC)",,,,,,,
Game Informer,Press,News outlet,Games magazine,Shut by GameStop in 2024. Relaunched 2025 by game developer Gunzilla Games.,US,English,,https://gameinformer.com,,Gunzilla Games,Owned since its 2025 relaunch by a game developer so the owner makes games in the industry the outlet covers.,,,,,,
Eurogamer,Press,News outlet,Games news site,Reviews and reporting from the UK's flagship consumer games site (since 1999).,UK; US,English,,https://www.eurogamer.net,,IGN Entertainment (Ziff Davis),,,,,,,
Ars Technica,Press,News outlet,Tech news site,Deep technical rigor.,US,English,,https://arstechnica.com,,Conde Nast (Advance Publications),,,,,,,
GameSpot,Press,News outlet,Games news site,Long-running. Fandom-owned since 2022.,US,English,,https://gamespot.com,,Fandom,,,,,,,
PC Gamer,Press,News outlet,Games magazine,Legacy PC brand (Future plc) with large reach and UK and US teams. Affiliate-commerce share of output is significant.,UK; US,English,,https://www.pcgamer.com,,Future plc,,,,,,,
Rascal News,Press,News outlet,Games news site,Tabletop RPG and analog-play criticism. Relevant to phygital gaming.,US,English,,https://rascal.news,,Worker-owned,,,,,,,
404 Media,Press,News outlet,Tech news site,"Founded by ex-Vice Motherboard journalists (Koebler, Maiberg, Cole, Cox). The best US reporting on internet culture, AI slop and platform harms. Games-adjacent and highly relevant. Subscription.",US,English,,https://404media.co,,Worker-owned,,,,,,,
Game Developer,Press,News outlet,Trade press,Formerly Gamasutra. GDC-affiliated (Informa). Developer-craft perspective.,US,English,,https://gamedeveloper.com,,Informa,,,,,,,
IGN,Press,News outlet,Games news site,"Huge reach. Reviews and news (Ziff Davis). Conglomerate parent, so note when it covers its own stable.",US,English,,https://ign.com,,Ziff Davis,,,,,,,
Rest of World,Press,News outlet,Tech news site,"Non-profit, non-US-centric tech reporting. Useful cross-check on other market claims from outside the US lens.",US,English,,https://restofworld.org,,Nonprofit,,,,,,,
TechCrunch,Press,News outlet,Tech news site,"Funding, platforms, product launches.",US,English,,https://techcrunch.com,,"Regent, L.P.",Sold by Yahoo to the private equity firm Regent in 2025.,,,,,,
Platformer,Press,News outlet,Tech news site,"Casey Newton's newsletter, the best single read on platform governance and moderation. Subscription.",US,English,,https://platformer.news,,Founder-owned,,,,,,,
Geeks and Gamers,Press,News outlet,Creator-led outlet,"A primary object of study for the consumer-revolt strand of games and pop-culture discourse, not a newsroom. Founded and owned by Jeremy Griggs, who streams as DDayCobra and also hosts political commentary under the same brand. Positions itself as an alternative voice for fans who feel underserved by mainstream outlets, and the personality-led format is the product. Formats span YouTube, podcasts, articles and live events.",US,English,,https://geeksandgamers.com,,"Geeks and Gamers, LLC (Jeremy Griggs)","Founder-owned and founder-fronted. Jeremy Griggs, known as DDayCobra, owns the LLC and is also its most prominent on-camera voice, including on political topics carried under the same brand. The network extends to sister properties including That Park Place. There is no editorial separation between owner, host and outlet, which is the point of the model rather than a defect in it, and it is why this row is texture.",,,,,,
Skybox,Press,News outlet,Games news site,"Long-form games criticism from a small worker-owned cooperative, funded by Patreon rather than advertising, in the same family as Aftermath, Remap, 404 Media and Rascal News. Useful for the critical register and for watching the co-op model applied at the smallest viable scale. Editor-at-Large Brian Barnett curates the Video Game Critics & Journalists Bluesky pack listed on People to Follow.",US,English,,https://skyboxcritics.com,,Worker-owned,,,,,,,
NicheGamer,Press,News outlet,Games news site,"The other visible pole of the culture-war strand alongside Geeks and Gamers, and a running record of how that argument is framed in written form rather than on video. Right-biased and factually mixed.",US,English,,https://nichegamer.com,,"Independent (Brandon Orselli, founder)","Privately owned by its founder. Revenue comes from advertising, memberships and sponsored content, per Media Bias/Fact Check, so sponsored placement sits alongside editorial. Founder-owned and founder-edited, with no separation between ownership and editorial line.",,,,,,
Süddeutsche Zeitung,Press,News outlet,National daily,"Baseline verification, with strong takes on games as culture. Center-left lean. No meaningful EN edition. A paper of record.",DE,German,,https://www.sueddeutsche.de,,Südwestdeutsche Medien Holding,,,,,,,
Frankfurter Allgemeine Zeitung,Press,News outlet,National daily,"Baseline verification, with business + feuilleton coverage of the games industry. Center-right/liberal-conservative lean. EN content is minimal. A paper of record.",DE,German,,https://www.faz.net,,FAZIT Foundation,,,,,,,
Der Spiegel,Press,News outlet,Magazine or weekly,"Investigations. The Netzwelt section covers games, platforms, youth safety. Spiegel International offers a decent EN edition (selected articles).",DE,German,,https://www.spiegel.de,,Employee-owned (Spiegel KG),,,,,,,
ZEIT Online,Press,News outlet,Magazine or weekly,"Long-form essays on digital culture, gaming, and family/screen-time debates. Small EN section. Games coverage sits in Digital.",DE,German,,https://www.zeit.de,,Holtzbrinck (DvH Medien),,,,,,,
Handelsblatt,Press,News outlet,Business daily,"Business-side coverage: publishers, investment, gamescom economics. EN edition (Handelsblatt Global) discontinued 2019. German only.",DE,German,,https://www.handelsblatt.com,,DvH Medien (Dieter von Holtzbrinck),,,,,,,
taz,Press,News outlet,National daily,"Critical/cultural angle on games journalism itself and games-as-politics. Left lean, relevant to trust framing. Ended weekday print 2025, digital-first.",DE,German,,https://taz.de,,Cooperative (taz Genossenschaft),,,,,,,
Tagesschau,Press,News outlet,Broadcaster,Neutral baseline for policy/regulation stories touching games. Publicly funded (ARD). No games specialism.,DE,German,,https://www.tagesschau.de,,Public (ARD),,,,,,,
GameStar,Press,News outlet,Games news site,"Largest German-language PC games portal. Reviews, industry reporting. Owned by Webedia (also owns GamePro, MeinMMO, IGN DE), so note the concentration.",DE,German,,https://www.gamestar.de,,Webedia (Fimalac),,,,,,,
GamePro,Press,News outlet,Games news site,"Console-side counterpart to GameStar, covering Nintendo/PlayStation/Xbox. Print ended 01/2024, online-only since. Webedia.",DE,German,,https://www.gamepro.de,,Webedia (Fimalac),,,,,,,
MeinMMO,Press,News outlet,Games news site,"Live-service, MMO, and creator-economy coverage. Player-community pulse. Webedia. High output volume, quality varies by author.",DE,German,,https://mein-mmo.de,,Webedia (Fimalac),,,,,,,
PC Games,Press,News outlet,Games news site,"Legacy games brand (Computec). News, reviews, guides. Print heritage. Sister print titles (Games Aktuell, Making Games) closed 2024-25.",DE,German,,https://www.pcgames.de,,Marquard Media (Computec),,,,,,,
GamesWirtschaft,Press,News outlet,Trade press,"Best free German-language industry reporting: market data, politics, gamescom, layoffs. Small operation (essentially one lead editor). Affiliate links disclosed.",DE,German,,https://www.gameswirtschaft.de,,Independent (founder-owned),,,,,,,
GamesMarkt,Press,News outlet,Trade press,"The German B2B trade title of record since 2001: deals, personnel, market analysis. Switched entirely to English 2024. Survived via management buy-out July 2025, now independent.",DE,English,,https://www.gamesmarket.global,,Independent (management-owned),,,,,,,
GamersGlobal,Press,News outlet,Games news site,"Long-running independent outlet (founded by GameStar founder Jörg Langer) with community-driven reviews. Smaller reach, but real editorial standards.",DE,German,,https://www.gamersglobal.de,,Independent (founder-owned),,,,,,,
OK COOL,Press,News outlet,Games magazine,Games-culture journalism and the best meta-coverage of German games journalism itself. One-person-led (Dom Schott) with contributors. Crowdfunded. Also runs a podcast.,DE,German,,https://okcool.space,,Independent (founder-owned),,,,,,,
Debuff,Press,News outlet,Games magazine,"Essayistic games writing from the former Superlevel team, launched 2025. Very new, with a semi-annual publication rhythm and a thin archive.",DE,German,,https://www.debuff.de/,,Independent (editorial collective),,,,,,,
IGN Deutschland,Press,News outlet,Games news site,Mainstream release coverage with some German-original reporting. Webedia-operated localization of a US brand. Mix of translated and original content.,DE,German,,https://de.ign.com,,Webedia (Fimalac),Operated by Webedia under license from Ziff Davis's IGN.,,,,,,
Rocket Beans TV,Press,News outlet,Creator-led outlet,"Reference point for German games video culture and creator formats. A creator/production company, not a news outlet.",DE,German,,https://rocketbeans.tv,,Independent (founder-owned),,,,,,,
EarlyGame,Press,News outlet,Games news site,"Youth-skewing gaming/esports and creator content in DE and EN. Heavy listicle/entertainment drift in recent years. Use selectively, borderline for rigor.",DE,German; English; Spanish,,https://earlygame.com,,Independent,,,,,,,
kicker eSport,Press,News outlet,Desk or vertical of a larger outlet,Esports (esp. EA FC/sim racing) covered with sports-journalism conventions. Vertical of the football paper kicker.,DE,German,,https://www.kicker.de/esport,,Olympia-Verlag (kicker),,,,,,,
heise online,Press,News outlet,Tech news site,"Germany's tech press of record, with serious coverage of games tech, platforms, data protection. Publisher of c't. German only in practice.",DE,German,,https://www.heise.de,,Heise Group (family-owned),,,,,,,
Golem.de,Press,News outlet,Tech news site,"Daily IT journalism with a consistent, competent games desk. German only.",DE,German,,https://www.golem.de,,Independent (Golem Media),,,,,,,
t3n,Press,News outlet,Tech news site,"Digital economy, platforms, AI, useful for games-adjacent business context. Startup/marketing skew. Games coverage is incidental.",DE,German,,https://t3n.de,,Holtzbrinck (yeebase media),Holtzbrinck acquired a majority of publisher yeebase media in 2017.,,,,,,
ComputerBase,Press,News outlet,Tech news site,"Hardware benchmarks and gaming-tech coverage, with a large enthusiast forum. Community-heavy.",DE,German,,https://www.computerbase.de,,Independent (ComputerBase GmbH),,,,,,,
PC Games Hardware,Press,News outlet,Tech news site,Gaming-PC hardware testing. The enthusiast-hardware reference in German. Computec. SEO-leaning news mixed with genuinely strong testing.,DE,German,,https://www.pcgameshardware.de,,Marquard Media (Computec),,,,,,,
netzpolitik.org,Press,News outlet,Tech news site,"Digital policy, youth protection, surveillance, platform regulation affecting games. Advocacy-adjacent (digital rights position). Occasional EN posts.",DE,German,,https://netzpolitik.org,,Nonprofit (donation funded),,,,,,,
jetzt,Press,News outlet,Magazine or weekly,"Youth-culture lens on digital life, occasionally gaming and platforms. SZ's youth vertical. Games coverage is sporadic.",DE,German,,https://www.jetzt.de,,Südwestdeutsche Medien Holding (SZ),,,,,,,
Deutschlandfunk / Dlf Kultur,Press,News outlet,Broadcaster,"Cultural criticism of games. Regular games segments treat the medium as culture. Publicly funded. Audio-first, transcripts often available.",DE,German,,https://www.deutschlandfunk.de,,Public (Deutschlandradio),,,,,,,
Le Monde,Press,News outlet,National daily,"Baseline verification. The Pixels section is dedicated, serious games/digital-culture journalism. The Le Monde in English edition is good but paid. Center-left lean. A paper of record.",FR,French,,https://www.lemonde.fr,,Groupe Le Monde (Niel and partner shareholders),,,,,,,
Libération,Press,News outlet,National daily,Long games-journalism tradition (Erwan Cario). Produces the games podcast Silence on joue! Left lean. The podcast is free even where articles are paywalled.,FR,French,,https://www.liberation.fr,,Nonprofit endowment,Held since 2020 by an independence endowment fund set up when Altice transferred the paper.,,,,,,
Le Figaro,Press,News outlet,National daily,Baseline verification from the center-right. The tech/media desk covers the games business. Games coverage is business-first.,FR,French,,https://www.lefigaro.fr,,Dassault Group,,,,,,,
Les Échos,Press,News outlet,Business daily,"Business coverage of Ubisoft, Webedia, esports investment, media M&A. Owned by LVMH, relevant when covering luxury/media conglomerates.",FR,French,,https://www.lesechos.fr,,LVMH,,,,,,,
franceinfo,Press,News outlet,Broadcaster,Free neutral baseline. Covers games policy and youth-protection debates. Publicly funded (France Télévisions/Radio France).,FR,French,,https://www.francetvinfo.fr,,Public (France Televisions and Radio France),,,,,,,
Mediapart,Press,News outlet,Digital news outlet,"Investigations touching the games industry (workplace culture, harassment cases). Left lean. Subscription-only, no ads, high trust for investigations.",FR,French,,https://www.mediapart.fr,,Independent (nonprofit ownership structure),,,,,,,
jeuxvideo.com,Press,News outlet,Games news site,"France's largest games site. Its 18-25 forum is a cultural phenomenon in its own right. Webedia-owned (same group as GameStar DE, IGN FR/DE). Forum content is unmoderated culture, not journalism.",FR,French,,https://www.jeuxvideo.com,,Webedia (Fimalac),,,,,,,
Canard PC,Press,News outlet,Games magazine,"The reference for independent French games journalism since 2003. Satirical tone, rigorous testing, no publisher ads. Owned by its founders (Presse Non-Stop). Also publishes Canard PC Hardware and a tech newsletter.",FR,French,,https://www.canardpc.com,,"Independent (founder-owned, Presse Non-Stop)",,,,,,,
Origami,Press,News outlet,Creator-led outlet,Industry decryption and press-review shows from the ex-Gamekult/JV Le Mag/Nolife team (Gautoz et al.). Founded 2023 after the Gamekult exodus. Output is primarily live/video.,FR,French,,https://fr.ulule.com/origami-media/,,Independent (founder collective),,,,,,,
ActuGaming,Press,News outlet,Games news site,"Independent daily games news with real editorial standards, good on the French media scene itself. Smaller operation. Guide content mixed in with news.",FR,French,,https://www.actugaming.net,,Independent,,,,,,,
Jeux Vidéo Magazine,Press,News outlet,Games magazine,"Longest-running mainstream French games print title, useful for the mainstream family-consumer view. Consumer-guide orientation rather than industry journalism.",FR,French,,https://www.jeuxvideo-magazine.com,,Unknown,,,,,,,
JV – Culture du jeu,Press,News outlet,Games magazine,"Games treated as culture: essays, interviews, illustration, the feuilleton approach in print. Kiosk cadence has been irregular across its history. Confirm current rhythm.",FR,French,,https://www.jvlemag.com,,Unknown,,,,,,,
L'Équipe esport,Press,News outlet,Desk or vertical of a larger outlet,"Esports covered with sports-journalism conventions, good on the French competitive scene. Vertical of the dominant sports daily.",FR,French,,https://www.lequipe.fr/Esport/,,Groupe Amaury,,,,,,,
AFJV,Press,News outlet,Trade press,"Industry news, jobs board, market data aggregation: the daily B2B read for the French industry. Portal format (aggregation + original). Publishes an English-language industry newsletter.",FR,French,,https://www.afjv.com,,Independent,,,,,,,
Numerama,Press,News outlet,Tech news site,"Tech journalism with consistent games/platforms coverage, strong on regulation and platforms. Independent (Humanoid group). Pop-culture vertical mixed in.",FR,French,,https://www.numerama.com,,Humanoid (independent group),,,,,,,
Next,Press,News outlet,Tech news site,Deep digital-policy and platform reporting. The French equivalent of a specialist IT-rights desk. Predecessor Next INpact closed mid-2023 and relaunched as Next.ink. Check continuity of archive.,FR,French,,https://next.ink,,Unknown,,,,,,,
Les Numériques,Press,News outlet,Tech news site,"Hardware and gaming-gear testing with real lab methodology. Reworld Media-owned since 2022, the same group that gutted Gamekult.",FR,French,,https://www.lesnumeriques.com,,Reworld Media,,,,,,,
Frandroid,Press,News outlet,Tech news site,"Mobile ecosystem coverage, useful for mobile gaming hardware/platform context. Humanoid group (with Numerama). Android skew as the name suggests.",FR,French,,https://www.frandroid.com,,Humanoid (independent group),,,,,,,
Télérama,Press,News outlet,Magazine or weekly,"Games criticism inside a legacy culture magazine, the games-as-culture legitimacy marker. Le Monde group. Games coverage is selective, not systematic.",FR,French,,https://www.telerama.fr,,Groupe Le Monde,,,,,,,
Konbini,Press,News outlet,Culture and entertainment outlet,"Youth-culture framing of gaming, creators, and internet culture. Branded-content-heavy business model.",FR,French,,https://www.konbini.com,,DC Company,The digital media group DC Company bought a majority stake from the Perrodo family in 2024.,,,,,,
ARTE,Press,News outlet,Broadcaster,"Serious games documentaries and web-series. Also funds/publishes games itself. Franco-German public channel. FR/DE/EN versions of most content, EN quality good.",FR,French; German; English,,https://www.arte.tv,,Public (Franco German broadcaster),,,,,,,
The Guardian,Press,News outlet,National daily,"The best games desk of any UK national (Keza MacDonald). Pushing Buttons games newsletter. Center-left lean. Games treated as culture, not just business. A paper of record.",UK,English,,https://www.theguardian.com,,Guardian Media Group (Scott Trust),,,,,,,
BBC News,Press,News outlet,Broadcaster,Free neutral baseline. Newsbeat covers gaming for younger audiences. Good on policy/safety debates. Publicly funded. Games coverage generalist.,UK,English,,https://www.bbc.co.uk/news,,Public (licence fee funded),,,,,,,
Financial Times,Press,News outlet,Business daily,"The serious business-press read on the games industry: M&A, platform economics, Ubisoft/Embracer sagas. Hard paywall. Global not just UK lens. A paper of record.",UK,English,,https://www.ft.com,,Nikkei Inc.,Owned by Japan's Nikkei since 2015.,,,,,,
The Times,Press,News outlet,National daily,Baseline verification from the center-right. The tech desk covers games and child-safety policy. News UK (Murdoch) ownership is relevant to trust framing.,UK,English,,https://www.thetimes.com,,"News Corp (News UK, Murdoch family)",,,,,,,
VG247,Press,News outlet,Games news site,"High-cadence games news, useful for tracking the daily cycle. IGN/Ziff Davis-owned since 2024. Guide/SEO share of output has grown.",UK,English,,https://www.vg247.com,,IGN Entertainment (Ziff Davis),,,,,,,
MCV/Develop,Press,News outlet,Trade press,"UK trade title since 1998: retail, publishing, development, the MCV/DEVELOP Awards. Biz Media (Datateam). Clearly-labelled press releases are published alongside editorial, so filter accordingly.",UK,English,,https://mcvuk.com,,Datateam Business Media (Biz Media),,,,,,,
Edge,Press,News outlet,Games magazine,"The prestige print survivor since 1993, with long-form criticism and developer access. Future plc. No standalone website (web presence folded into GamesRadar+).",UK,English,,https://www.gamesradar.com/edge/,,Future plc,,,,,,,
GamesRadar+,Press,News outlet,Games news site,"Mainstream games and entertainment coverage. Hosts Edge and Retro Gamer content online. Future plc. Heavily SEO/commerce-driven, so use for reach signal more than analysis.",UK,English,,https://www.gamesradar.com,,Future plc,,,,,,,
Video Games Chronicle,Press,News outlet,Games news site,Independent UK games newsroom (1981 Media) with genuine scoops and industry sourcing.,UK,English,,https://www.videogameschronicle.com,,Independent (1981 Media),,,,,,,
Hookshot Media network,Press,News outlet,Games news site,Platform-community coverage. Time Extension is good on games history.,UK,English,,https://www.nintendolife.com,,Independent (IGN and Ziff Davis minority stake),,,,,,,
PocketGamer.biz,Press,News outlet,Trade press,"The mobile-games trade specialist: monetization, UA, regional mobile markets.",UK,English,,https://www.pocketgamer.biz,,Steel Media,,,,,,,
Esports News UK,Press,News outlet,Esports news site,"The dedicated chronicler of the British esports scene specifically (teams, unis, grassroots). Small independent operation (Dom Sacco). Community-adjacent.",UK,English,,https://esports-news.co.uk,,Independent (founder-owned),,,,,,,
NME,Press,News outlet,Culture and entertainment outlet,"One of the few UK culture brands with a maintained games vertical. Heritage brand, current editorial slimmer than the name suggests.",UK,English,,https://www.nme.com/gaming,,Caldecott Music Group,,,,,,,
Al Jazeera,Press,News outlet,Broadcaster,"Regional baseline. Covers gaming/esports as youth-economy stories. EN edition is excellent. Qatari state-funded, so read Gulf-rivalry topics (incl. Saudi gaming investment) with that lens.",MENA,Arabic; English,,https://www.aljazeera.com,,State-funded (Qatar),,,,,,,
Asharq Al-Awsat,Press,News outlet,National daily,"The pan-Arab print record. Covers Vision 2030 gaming policy from the inside. Saudi-owned (SRMG), London-based, and sympathetic to Saudi gaming strategy. EN edition decent.",MENA,Arabic; English,,https://english.aawsat.com,,SRMG,,,,,,,
The National,Press,News outlet,National daily,Best English-language daily coverage of Gulf gaming/esports business and culture. Abu Dhabi state-linked ownership. Strong arts/culture desk.,MENA,English,,https://www.thenationalnews.com,,"State-linked (Abu Dhabi, International Media Investments)",,,,,,,
Arab News,Press,News outlet,National daily,"High-volume coverage of Saudi esports/gaming initiatives, useful as a record of official framing. Saudi-owned (SRMG). Treat as the authorized narrative.",MENA,English,,https://www.arabnews.com,,SRMG,,,,,,,
IGN Middle East,Press,News outlet,Games news site,"The biggest professional games-media operation in Arabic. Reviews, regional event coverage.",MENA,Arabic; English,,https://me.ign.com,,ITP Media Group (IGN licensee),Operated by Dubai's ITP Media Group under license from Ziff Davis's IGN.,,,,,,
Saudi Gamer,Press,News outlet,Games news site,"The veteran independent Arabic games site. Its podcast is a fixture of Gulf gaming culture. Enthusiast-professional, small team.",MENA,Arabic,,https://www.saudigamer.com,,Independent,,,,,,,
True Gaming,Press,News outlet,Games news site,"Daily Arabic games news at volume, 20+ years running. The AR-language daily cycle read. Saudi-based. News-wire style, limited investigative work.",MENA,Arabic,,https://www.true-gaming.net,,Independent,,,,,,,
VGA4A,Press,News outlet,Games news site,"Arabic reviews and news with an accessible register, active daily. Enthusiast outlet, smaller than True Gaming/Saudi Gamer.",MENA,Arabic,,https://www.vga4a.com,,Independent,,,,,,,
ECHO MENA,Press,News outlet,Esports news site,The Saudi-born Arabic esports news specialist. Broke the EWC 2026 Paris relocation via ESL FACEIT sources.,MENA,Arabic,,https://echomena.net/,,Independent,,,,,,,
Wamda,Press,News outlet,Tech news site,MENA venture and startup coverage incl. gaming studios and funding rounds. Investor-ecosystem publication.,MENA,English; Arabic,,https://www.wamda.com,,Wamda Group (investor-linked),,,,,,,
Aitnews,Press,News outlet,Tech news site,"Long-established Arabic tech desk. Covers platforms, devices, and gaming tech in Arabic. Aggregation-heavy alongside original reporting.",MENA,Arabic,,https://aitnews.com,,Independent,,,,,,,
Thmanyah,Press,News outlet,Culture and entertainment outlet,"The highest-production Arabic longform/podcast journalism. Covers tech, culture, and is an EWC broadcast partner. Saudi.",MENA,Arabic,,https://thmanyah.com,,SRMG,The listed Saudi media group SRMG has held a 51% stake since 2021.,,,,,,
The Globe and Mail,Press,News outlet,National daily,Baseline verification. The business desk covers the games industry as a major Canadian employer. Centrist. Games coverage business-first. A paper of record.,CA,English,,https://www.theglobeandmail.com,,Woodbridge (Thomson family),,,,,,,
CBC News,Press,News outlet,Broadcaster,"Free neutral baseline in both official languages. Covers games policy, studio layoffs, youth issues. Publicly funded. Radio-Canada is the French service under the same corporation.",CA,English; French,,https://www.cbc.ca/news,,Public (Crown corporation),,,,,,,
La Presse,Press,News outlet,National daily,"The francophone record on Québec's games industry (Ubisoft, Behaviour, tax-credit politics). Nonprofit structure since 2018. Montréal-centric. Digital-only.",CA,French,,https://www.lapresse.ca,,Nonprofit (social trust structure),,,,,,,
The Logic,Press,News outlet,Digital news outlet,"The serious Canadian tech-business read: games studio finances, subsidies, M&A. Subscription-only. Small newsroom, high signal.",CA,English,,https://thelogic.co,,Independent (founder-owned),,,,,,,
MobileSyrup,Press,News outlet,Tech news site,"The de facto national games newsroom: Canadian Game Awards, MIGS, studio coverage. Toronto-based. A tech site with a games desk rather than a games outlet proper.",CA,English,,https://mobilesyrup.com,,Blue Ant Media,,,,,,,
CGMagazine,Press,News outlet,Games magazine,Canadian-owned games and pop-culture reviews with a print edition. Developer interviews. Toronto-based.,CA,English,,https://www.cgmagonline.com,,Independent,,,,,,,
Geeks and Com',Press,News outlet,Games news site,"The francophone consumer games outlet: Québec-angle reviews, event coverage. Small operation.",CA,French,,https://geeksandcom.com,,Independent,,,,,,,
Lien Multimédia / Qui fait Quoi,Press,News outlet,Trade press,"The French-language trade record on Québec's games industry: studio interviews, policy, tax-credit debates.",CA,French,,https://lienmultimedia.com,,Independent publisher,,,,,,,
BetaKit,Press,News outlet,Tech news site,"Canadian tech-ecosystem coverage incl. games financing, studio launches, gov programs. Startup-ecosystem framing.",CA,English,,https://betakit.com,,Independent,,,,,,,
Corriere della Sera,Press,News outlet,National daily,Baseline verification. Tech/culture desks cover games as mainstream phenomenon. Centrist. A paper of record.,IT,Italian,,https://www.corriere.it,,RCS MediaGroup (Cairo Communication),,,,,,,
La Repubblica,Press,News outlet,National daily,Second baseline. The Italian Tech vertical covers gaming and digital culture. Center-left.,IT,Italian,,https://www.repubblica.it,,"GEDI (Exor, Agnelli family)",,,,,,,
Il Sole 24 Ore,Press,News outlet,Business daily,"Business coverage of the games industry, tax credit policy, media M&A.",IT,Italian,,https://www.ilsole24ore.com,,Confindustria,,,,,,,
Il Post,Press,News outlet,Digital news outlet,"Explainer-style journalism that treats games seriously when it covers them. High trust. Reader-funded model. Games coverage occasional, not systematic.",IT,Italian,,https://www.ilpost.it,,Independent,,,,,,,
Multiplayer.it,Press,News outlet,Games news site,"Italy's largest games site (since 1999): news, reviews, video, live.",IT,Italian,,https://multiplayer.it,,NetAddiction (founder-owned),The 2022 sale to Cidiverte covered only the Multiplayer.com shop and the editorial site remains with founder led NetAddiction.,,,,,,
Everyeye.it,Press,News outlet,Games news site,"Large Italian newsroom (~60 staff) across games, anime, tech. Broad pop-culture sprawl (cars, TV) dilutes the games signal. Heavy output volume.",IT,Italian,,https://www.everyeye.it,,Independent,,,,,,,
IGN Italia,Press,News outlet,Games news site,Mainstream release coverage with Italian-original content.,IT,Italian,,https://it.ign.com,,Unknown,A licensed edition of the Ziff Davis IGN brand whose current local operator was not verified.,,,,,,
SpazioGames,Press,News outlet,Games news site,Established second-tier games site. Reviews and guides.,IT,Italian,,https://www.spaziogames.it,,Unknown,,,,,,,
The Games Machine,Press,News outlet,Games magazine,"Italy's historic games print survivor (300+ issues since 1988), PC-leaning criticism. Small operation.",IT,Italian,,https://www.thegamesmachine.it,,Unknown,,,,,,,
Outcast,Press,News outlet,Culture and entertainment outlet,"The Italian games-culture criticism outlet: veteran critics, podcast network, no publisher dependency. Crowdfunded and small, the Canard PC-adjacent role in Italy at much smaller scale.",IT,Italian,,https://www.outcast.it,,Independent (crowdfunded),,,,,,,
EsportsMag,Press,News outlet,Esports news site,"The dedicated Italian esports chronicler: national scene, federations, IIDEA esports data coverage. Small independent operation. Community-adjacent.",IT,Italian,,https://www.esportsmag.it,,Independent,,,,,,,
Wired Italia,Press,News outlet,Tech news site,"Long-form on games, platforms, and digital policy from a culture angle. Condé Nast. One of the stronger Wired national editions.",IT,Italian,,https://www.wired.it,,Conde Nast (Advance Publications),,,,,,,
HDblog,Press,News outlet,Tech news site,Daily consumer tech incl. gaming hardware and platform news. Consumer-tech register. Games coverage newsy rather than analytical.,IT,Italian,,https://www.hdblog.it,,HDnetwork (NetAddiction partner stake),,,,,,,
South China Morning Post,Press,News outlet,National daily,"The most accessible EN daily on China tech/gaming, with deep Tencent/NetEase coverage. Alibaba-owned since 2016, so a games-industry stakeholder owns the paper. HK-based, accessible globally.",CN,English,,https://www.scmp.com,,Alibaba,Alibaba has owned the paper since 2016 and is itself a stakeholder in the games industry it covers.,,,,,,
Caixin Global,Press,News outlet,Digital news outlet,"The closest thing to independent mainland business journalism, strong on games regulation and company finances. Still operates within mainland censorship bounds. EN edition solid.",CN,English; Chinese,,https://www.caixinglobal.com,,Independent (Caixin Media),,,,,,,
Sixth Tone,Press,News outlet,Digital news outlet,"Society/youth-culture reporting incl. gaming, esports, and screen-time debates, human-level texture unavailable elsewhere in EN. State-owned (Shanghai United Media Group), publishing within approved bounds but covering more than expected. Fully accessible.",CN,English,,https://www.sixthtone.com,,State-owned (Shanghai United Media Group),,,,,,,
Youxi Putao,Press,News outlet,Trade press,"The best long-form Chinese trade interviews and studio features (miHoYo, Tencent, women-oriented games). WeChat-first distribution.",CN,Chinese,,https://youxiputao.com,,Independent,,,,,,,
Gcores,Press,News outlet,Games news site,"The highest-quality Chinese games-culture criticism and podcasting. The closest CN analogue to a games vertical. Community platform with an editorial core, UGC mixed with staff work.",CN,Chinese,,https://www.gcores.com,,Independent,,,,,,,
IndieNova,Press,News outlet,Games news site,"Bilingual bridge into the Chinese indie scene: dev interviews, release tracking, translation work. Community-adjacent. EN side thinner than CN.",CN,Chinese; English,,https://indienova.com,,Independent,,,,,,,
TechNode,Press,News outlet,Tech news site,Accessible EN daily on China tech with regular games coverage. Shanghai-based.,CN,English; Chinese,,https://technode.com,,Independent,,,,,,,
Pandaily,Press,News outlet,Tech news site,EN China-tech coverage with a consistent gaming/hardware angle,CN,English,,https://pandaily.com,,Independent,,,,,,,
36Kr,Press,News outlet,Tech news site,"Chinese tech-business coverage incl. games companies, funding, and going-global strategy. Listed company with commercial-content lines.",CN,Chinese,,https://36kr.com,,Listed company (36Kr Holdings),,,,,,,
Tubefilter,Press,News outlet,Trade press,"Bylined daily coverage of creator economy incl. gaming/streaming, plus weekly YouTube charts. Charts are views/subs-based. US lens.",US,English,,https://www.tubefilter.com,,Independent,,,,,,,
Adrenaline,Press,News outlet,Games news site,"Daily PC/hardware-led games news. Also publishes PGB survey coverage, good for tracking what reaches the Brazilian PC/enthusiast audience.",BR,Portuguese,,https://www.adrenaline.com.br/,,Unknown,,,,,,,
GameVicio,Press,News outlet,Games news site,High-volume consumer games news. Useful proxy for mainstream player-facing coverage and comment sentiment.,BR,Portuguese,,https://www.gamevicio.com/,,Independent (founder-owned),,,,,,,
Flow Games,Press,News outlet,Creator-led outlet,How games news actually circulates in Brazil (podcast/video-first). Editorial site run by ex-trade journalists under Grupo Flow.,BR,Portuguese,,https://flowgames.gg/,,Grupo Flow,,,,,,,
Outer Space,Press,News outlet,Games news site,One of the oldest continuously publishing BR games sites. Steady hard-news coverage with an attached high-traffic forum.,BR,Portuguese,,https://www.outerspace.com.br/,,Unknown,,,,,,,
Drops de Jogos,Press,News outlet,Games news site,"Best running record of the Brazilian dev scene itself: national studios, indies, policy, diversity. Hosted under the UAI portal. Beware lookalike dropsdejogos.com.br, an unrelated SEO site.",BR,Portuguese,,https://dropsdejogos.uai.com.br/,,Independent,,,,,,,
DRAFT5,Press,News outlet,Esports news site,"Deepest CS coverage in Latin America: rosters, results, the FURIA/MIBR ecosystem.",BR,Portuguese,,https://draft5.gg/,,Gamers Club,Gamers Club is an esports platform company operating in the competitive scene the site covers.,,,,,,
Mais Esports,Press,News outlet,Esports news site,"CBLOL/LoL esports coverage, schedules and results. The main dedicated LoL-scene outlet.",BR,Portuguese,,https://maisesports.com.br/,,Independent,,,,,,,
AFK Gaming,Press,News outlet,Esports news site,"Longest-running dedicated Indian esports/gaming outlet (since 2012). Tracks teams, tournaments, publishers and industry moves. Newsletter and Whatsapp. Also publishes B2B reports. Hindi social channels.",IN,English; Hindi,,https://afkgaming.com/,,Nazara (via NODWIN),,,,,,,
The Mako Reactor,Press,News outlet,Games news site,"The sharpest independent read on the Indian console/PC market: pricing, distribution, platform-holder behavior in India, alongside its Japanese-games specialty. Consistently separates gaming from gambling/fantasy-sports PR.",IN,English,,https://themakoreactor.com/,,Independent (founder-owned),,,,,,,
Outlook Respawn,Press,News outlet,Desk or vertical of a larger outlet,"The best current business-of-gaming journalism in India: market sizing, RMG-ban fallout, cloud gaming launches, funding. A vertical of a general national magazine, launched ~2025.",IN,English,,https://respawn.outlookindia.com/,,Rajan Raheja Group (Outlook),,,,,,,
Storyboard18: Gaming,Press,News outlet,Desk or vertical of a larger outlet,"The fastest policy-and-regulation wire for Indian gaming: PROG Act rulemaking, MeitY moves, RMG industry maneuvering, founder/funding news. The host site is a marketing and media trade publication.",IN,English,,https://www.storyboard18.com/gaming-news,,Network18 (Reliance),,,,,,,
IGN India,Press,News outlet,Games news site,"The largest consumer games outlet in India: reviews, India pricing and launch coverage, big YouTube/social footprint. Useful proxy for what mainstream English-speaking Indian gamers see. Licensed international brand, mostly global content with an India layer.",IN,English,,https://in.ign.com/,,Unknown,A licensed edition of the Ziff Davis IGN brand whose current local operator was not verified.,,,,,,
The Economic Times: gaming beat,Press,News outlet,Desk or vertical of a larger outlet,"Where Indian gaming becomes national business news: the PROG Act's parliamentary passage, Nazara/Krafton dealflow, GST disputes. The paper of record for the policy-money layer. Coverage sits under the Tech and Media & Entertainment sections.",IN,English,,https://economictimes.indiatimes.com/industry/media/entertainment,,Bennett Coleman (Times Group),,,,,,,
Moneycontrol: gaming/tech beat,Press,News outlet,Desk or vertical of a larger outlet,"Earnings-season depth on Nazara and gaming-adjacent listed companies, funding rounds, and market-report coverage. Strongest at the investor-facing layer.",IN,English,,https://www.moneycontrol.com/,,Network18 (Reliance),,,,,,,
LevelUp,Press,News outlet,Games news site,"The highest-reach Mexican games outlet. Also the best running record of national industry news (GDMEX, Profeco-vs-Sony pricing cases, local dev coverage). Mexico-based editorial, owned by Fandom (US). Also the highest-reach games outlet in Latin America.",MX,Spanish,,https://www.levelup.com/,,Fandom,,,,,,,
Atomix,Press,News outlet,Games news site,"The historic voice of Mexican games media, with nearly three decades of coverage and industry memory. Founded 1998 as a print magazine.",MX,Spanish,,https://atomix.vg/,,Grupo Editorial Prowell Media,Entered a new ownership partnership with Prowell Media in 2026 with an editorial leadership change.,,,,,,
TierraGamer,Press,News outlet,Games news site,"Mainstream fan-culture coverage where Mexican gaming actually overlaps with anime fandom, a useful window on the country's blended geek mainstream.",MX,Spanish,,https://tierragamer.com/,,Unknown,,,,,,,
RÉCORD: Esports,Press,News outlet,Desk or vertical of a larger outlet,"Where esports meets mainstream Mexican sports culture: FEMES-type institutional news, Liga MX club esports ventures, and the general-public framing of competitive gaming. A vertical of a general sports outlet. Coverage follows sports-desk news values.",MX,Spanish,,https://www.record.com.mx/esports,,Grupo Notmusa,,,,,,,
Claro Gaming MX,Press,News outlet,Games news site,Daily games news that shows how Mexico's dominant telco packages gaming access.,MX,Spanish,,https://clarogaming.com.mx/,,América Móvil (Claro),,,,,,,
3DJuegos LAT,Press,News outlet,Games news site,High-volume LatAm coverage that reliably picks up Mexican industry news. Often the only Spanish-language write-up of Mexico-specific stories with real reach.,MX,Spanish,,https://www.3djuegos.lat/,,Webedia (Fimalac),,,,,,,
Xataka México: Videojuegos,Press,News outlet,Desk or vertical of a larger outlet,"Tech-press framing of gaming in Mexico: hardware pricing, Buen Fin deals, platform launches, from the country's leading tech blog. Spain-owned (Webedia), general-tech outlet. Games is one desk among many.",MX,Spanish,,https://www.xataka.com.mx/categoria/videojuegos,,Webedia (Fimalac),,,,,,,
Código Espagueti: Videojuegos,Press,News outlet,Desk or vertical of a larger outlet,"Long-running Mexican geek-mainstream coverage, historically good on the games-and-politics beat (e.g. AMLO's anti-videogame remarks).",MX,Spanish,,https://codigoespagueti.com/noticias/videojuegos/,,Unknown,,,,,,,
Gamebrott,Press,News outlet,Games news site,"The highest-profile dedicated Indonesian games site: daily news, reviews, and an attached community. Good proxy for what the Indonesian player mainstream reads.",SEA,Bahasa Indonesia,,https://gamebrott.com/,,Independent,,,,,,,
JagatPlay,Press,News outlet,Games news site,"The most respected long-form reviews in Indonesian games media, with 15 years of consistent editorial standards. The reference for how core Indonesian gamers evaluate titles. Part of the Jagat network.",SEA,Bahasa Indonesia,,https://jagatplay.com/,,Independent,,,,,,,
Dunia Games,Press,News outlet,Games news site,"Telkomsel's gaming arm: news portal fused with voucher sales and its own esports tournaments, the clearest single view of how Indonesia's dominant carrier packages gaming. Owned by Telkomsel, and its editorial exists to feed the storefront (see Claro Gaming in Mexico for an analogue).",SEA,Bahasa Indonesia,,https://duniagames.co.id/,,Telkomsel,,,,,,,
Esports ID,Press,News outlet,Esports news site,"Active dedicated Indonesian esports with daily MPL ID, FFNS, EWC and VCT coverage.",SEA,Bahasa Indonesia,,https://www.esports.id/,,Unknown,,,,,,,
ONE Esports,Press,News outlet,Esports news site,"The largest esports media operation native to SEA: MLBB, Free Fire, Dota and Valorant scene coverage across the region, with localized editions. Owner Group One also runs ONE Championship events and has publisher/brand partnerships across the scene it covers. Singapore-based, region-wide.",SEA,English; Multilingual,,https://www.oneesports.gg/,,Group One Holdings,,,,,,,
GamingDose,Press,News outlet,Games news site,"The main dedicated Thai games outlet (330K+ Facebook followers): reviews, industry news, and a running record of Thai server culture and publisher behavior that exists nowhere in English.",SEA,Thai,,https://www.gamingdose.com/,,Independent,,,,,,,
GameK,Press,News outlet,Games news site,"Vietnam's main games outlet: daily market coverage, the domestic publisher scene (VNG, VTC), and the running record of Vietnam GameVerse and the Game Awards.",SEA,Vietnamese,,https://gamek.vn/,,VCCorp,,,,,,,
Oyungezer,Press,News outlet,Games magazine,"Turkey's flagship games publication, still shipping monthly issues via a Patreon-funded model, with the country's most respected long-form reviews and #oyunumadokunma advocacy voice when regulation threatens gaming. Publishing since 2007.",TR,Turkish,,https://oyungezer.com.tr/,,Independent (reader-funded),,,,,,,
Merlin'in Kazanı,Press,News outlet,Games news site,"High-volume daily news, Steam-deal culture, and guides, a reliable proxy for what mainstream Turkish PC gamers read. One of Turkey's oldest games sites, self-styled as a digital player club.",TR,Turkish,,https://www.merlininkazani.com/,,Independent,,,,,,,
Mobidictum,Press,News outlet,Trade press,"The business layer of Turkish gaming in English: studio rankings, funding, IPO tracking, headcount data. The bridge between Turkey's mobile-dev powerhouse scene and the global industry. Also a conference operator under the Games Industry Network banner covering Türkiye, Europe, MENA and Asia.",TR,English; Turkish,,https://mobidictum.com/,,Independent,,,,,,,
Press Start,Press,News outlet,Games news site,"Highest-reach dedicated AU games coverage: local pricing, release timing, PlayStation/Xbox/Nintendo news through an Australian lens. Runs a daily podcast.",AU,English,,https://press-start.com.au/,,Southern Cross Austereo,,,,,,,
ArtsHub (Games),Press,News outlet,Desk or vertical of a larger outlet,"Australian games industry and culture coverage, including classification changes, IGEA reports, funding announcements and local studio news. The most consistent remaining source of Australian games journalism.",AU,English,,https://www.artshub.com.au/news/search?art-form=games,,ArtsHub Holdings,,,,,,,
Stevivor,Press,News outlet,Games news site,"Long-running fully independent AU voice, with news, reviews and guides publishing daily through July 2026. Useful counterweight to the network-owned outlets. Established 2009.",AU,English,,https://stevivor.com/,,Independent (founder-owned),,,,,,,
Vandal,Press,News outlet,Games news site,"High-volume daily coverage and guides with a majority-Spanish readership. Also the historic home of Spanish games journalism. Spain's oldest console-focused outlet, founded 1997 in A Coruña.",ES,Spanish,,https://vandal.elespanol.com/,,El Español,,,,,,,
MeriStation,Press,News outlet,Games news site,"Active since 1997. Reviews, features and news with print-magazine editorial DNA",ES,Spanish,,https://meristation.as.com/,,PRISA (Diario AS),,,,,,,
3DJuegos,Press,News outlet,Games news site,"The volume leader for Spanish-language games news, produced from Spain. Closed its long-running forum in 2026, a marker of the Spanish forum era ending.",ES,Spanish,,https://www.3djuegos.com/,,Webedia (Fimalac),,,,,,,
Unpause,Press,News outlet,Games news site,"Founded by ~9 journalists from Power Unlimited, Gamer.nl, NRC, RTL and Bright after their outlets were sold to gambling operators. Long-form essays, investigations (incl. Roblox child-safety reporting) and a weekly news roundup. Launched Feb 2026.",NL,Dutch,,https://www.unpause.nl/,,Worker-owned,,,,,,,
Gamekings,Press,News outlet,Creator-led outlet,"The most durable Dutch games institution: video, podcasts and opinion sustained by a community-subscription model rather than ad revenue.",NL,Dutch,,https://www.gamekings.nl/,,Independent (community-funded),,,,,,,
Gameliner,Press,News outlet,Games news site,"Steady daily Dutch-language news and reviews from a fully independent, long-running outlet. Useful for tracking what mainstream Dutch gamers read and for its own reporting on the sector's ownership crisis. 21 years old as of 2026.",NL,Dutch,,https://gameliner.nl/,,Independent,,,,,,,
FZ.se,Press,News outlet,Games news site,"Sweden's oldest and most active games site: daily news, reviews and the country's main gaming community in one place. The reference point for what Swedish players read and argue about. Founded 1996.",Nordics,Swedish,,https://www.fz.se/,,Unknown,,,,,,,
Gamereactor,Press,News outlet,Games news site,"The only pan-Nordic games outlet, with separate national editions across DK/SE/NO/FI, so it's the fastest way to compare coverage of the same story across the bloc. Mixes original national reporting with translated content. Volume-driven. Print origins, now video-heavy.",Nordics,Danish; Swedish; Norwegian; Finnish,,https://www.gamereactor.eu/,,Gamez Publishing (founder-owned),,,,,,,
GRYOnline.pl,Press,News outlet,Games news site,"Poland's largest games site and the deepest structured resource on Polish-made games specifically (the ""Polskie"" category is effectively a national release catalog). Includes a game encyclopedia. English sister site Gamepressure.",PL,Polish; English,,https://www.gry-online.pl/,,Webedia (Fimalac),Webedia acquired a majority of GRY-OnLine in 2017.,,,,,,
CD-Action,Press,News outlet,Games magazine,Poland's surviving games magazine and one of the few in Europe still shipping print with an active online newsroom. Useful for how Polish gaming culture narrates itself. In print since 1996.,PL,Polish,,https://cdaction.pl/,,Fantasyexpo,Bought from Bauer in 2020 by the esports agency Fantasyexpo which works for the industry the magazine covers. The publishing entity is Gaming Tech Esports Media S.A.,,,,,,
巴哈姆特電玩資訊站 (Bahamut / gamer.com.tw),Press,News outlet,Games news site,"The single most important Taiwanese games source and arguably the largest Chinese-language ACG community anywhere: daily news, rankings, the 巴哈大百科 game wiki, blogs and the 電玩瘋 video/Twitch operation. Established 1996 as a BBS.",TW,Traditional Chinese,,https://www.gamer.com.tw/,,Independent (founder-owned),Operating company OneUp (旺普網路資訊).,,,,,,
4Gamers (就肆電競 / Forgamers Inc.),Press,News outlet,Games news site,"Taiwan's #2 games outlet: esports, streaming, VTuber and hardware culture, plus a monthly digital magazine. Runs WirForce, Asia's largest BYOC LAN party. Established 2013, around 3M monthly active users and a Taiwan top-100 site.",TW,Traditional Chinese,,https://www.4gamers.com.tw/,,Forgamers Inc. (investor-backed),,,,,,,
工商時報: 遊戲股 coverage (Commercial Times),Press,News outlet,Desk or vertical of a larger outlet,"Where Taiwanese games get covered as an investable sector: per-company revenue, dividend yields, TGS participation as an earnings signal, and licensing-vs-self-development economics.",TW,Traditional Chinese,,https://www.ctee.com.tw/,,Want Want China Times Group,,,,,,,
GameDev Reports,Press,Newsletter,Developer newsletter,Untangling data for the games industry,Global,English,,https://gamedevreports.substack.com/,,,,,,,,,
Brutally Honest,Press,Newsletter,Developer newsletter,Insight and real talk for game developers,Global,English,,https://lancaric.substack.com/,,,,,,,,,
Game (by Pad and Pixel),Press,Newsletter,Journalist newsletter,Video game industry and culture analysis by the founder of Kotaku and co-founder of Polygon,Global,English,,https://game.substack.com/,,,,,,,,,
Gies (Games Industry Executive Summary),Press,Newsletter,Analyst newsletter,Weekly intelligence company covering the full video games market,Global,English,,https://giesweekly.substack.com/,,,,,,,,,
Crossplay,Press,Newsletter,Journalist newsletter,The intersection of parenting and games covered by a former Vice reporter and editor,Global,English,,https://www.crossplay.news/,,,,,,,,,
mobilegamer.biz,Press,Newsletter,Analyst newsletter,Mobile industry news and vendor-data roundups. Free and frequent. It aggregates vendor estimates.,Global,English,,https://mobilegamerbiz.substack.com/,,,,,,,,,
AI and Games,Press,Newsletter,Analyst newsletter,"Conversations surrounding AI in the games industry, plus case studies ranging from ground-breaking research to the inner workings of contemporary or classic games.",Global,English,,https://www.aiandgames.com/,,,,,,,,,
Game Maker's Toolkit,Press,Newsletter,Analyst newsletter,"Game Maker's Toolkit is an award-winning YouTube channel (with a newsletter) that explores the design, development, and production of video games",Global,English,,https://gmtk.substack.com/,,,,,,,,,
GameDiscoverCo (Simon Carless),Press,Newsletter,Analyst newsletter,The standard for Steam/PC market dynamics and discoverability. Data-driven with a substantial free tier. Console and mobile are secondary.,Global,English,,https://gamediscover.co,,,,,,,,,
Mobile Dev Memo (Eric Seufert),Press,Newsletter,Analyst newsletter,"Mobile ad-tech, privacy (ATT), and monetization economics. The best free analysis of why mobile markets move. It assumes ad-tech literacy.",Global,English,,https://mobiledevmemo.com,,,,,,,,,
Deconstructor of Fun,Press,Newsletter,Analyst newsletter,Free-to-play design and market deconstructions. Strong on Asian F2P mechanics. Practitioner-oriented.,Global,English,,https://deconstructoroffun.com,,,,,,,,,
Naavik,Press,Newsletter,Analyst newsletter,"Business-model deep dives across platforms, with excellent free essays. Sponsor relationships run across coverage areas.",Global,English,,https://naavik.co,,,,,,,,,
Game File (Stephen Totilo),Press,Newsletter,Journalist newsletter,Accountability-style US games journalism from a veteran reporter. It is a solo operation with a US industry focus.,US,English,,https://gamefile.news,,,,,,,,,
SuperJoost Playlist (Joost van Dreunen),Press,Newsletter,Academic newsletter,"Games business through an academic-market lens (NYU). Good on platform economics and M&A. Weekly cadence, with a higher-altitude view.",Global,English,,https://superjoost.substack.com,,,,,,,,,
Matthew Ball essays,Press,Newsletter,Analyst newsletter,"Long-form structural analyses (metaverse, streaming economics) that set industry vocabulary. It is infrequent.",Global,English,,https://matthewball.co,,,,,,,,,
Pixel P&L (AFK Gaming),Press,Newsletter,Journalist newsletter,"Curated business-side digest of Indian gaming/esports covering deals, policy, and publisher moves. It is the closest thing to a GamesIndustry.biz for India. Same NODWIN/Nazara ownership as AFK Gaming. Survey samples are industry-insider polls, not representative data. Publishes an annual industry survey, India's Gaming and Esports Landscape.",IN,English,,https://afkgaming.com/,,,,,,,,,
Video Games Industry Memo (George E. Osborn),Press,Newsletter,Journalist newsletter,The business and politics of games from a named journalist. Use it for the policy and industry-politics layer rather than product news.,Global,English,,https://www.videogamesindustrymemo.com,,,,,,,,,
Gamedev Relay (Alex Stasenko),Press,Newsletter,Developer newsletter,"Weekly roundup of game development news and rumours from a working producer and tester. Small and personal, so treat single-sourced rumours as unconfirmed.",Global,English,,https://gamedevrelay.substack.com/,,,,,,,,,
Infinite Lives (Harrison Polites),Press,Newsletter,Journalist newsletter,Games industry analysis and reviews written from an Australian perspective. Use it for AU market and release context.,AU,English,,https://infinitelives.substack.com/,,,,,,,,,
Just One More Turn (InGameScientist),Press,Newsletter,Personal newsletter,"Weekly explainers on where games and science meet. Popular-science framing rather than peer-reviewed work, so trace any claim back to the underlying study.",Global,English,,https://ingamescientist.substack.com/,,,,,,,,,
oya's game hub (Oya),Press,Newsletter,Personal newsletter,"Reviews and backlog writing by a games QA tester and localisation specialist. Personal criticism, not industry analysis.",Global,English,,https://oyito.substack.com/,,,,,,,,,
What's Inked in my Mind (Kevin T.C.),Press,Newsletter,Personal newsletter,"Weekly posts on comics, fiction, writing and video games in a discussion format. Evidence of discourse, not evidence of fact.",Global,English,,https://whatsinkedinmymind.substack.com/,,,,,,,,,
Secrets of Grimoire Manor (Christopher J Ferguson),Press,Newsletter,Academic newsletter,"A serialised gothic horror novel with side posts on science, video games and Dungeons and Dragons. Games content is secondary to the fiction.",Global,English,,https://grimoiremanor.substack.com/,,,,,,,,,
Game Maker's Toolkit,Media,Video channel,"Creation, modding and game dev","Mark Brown's design analysis, running since 2014: individual games broken down to the mechanics that make them work, plus the Designing for Disability series and an annual game jam. Useful for the vocabulary developers use about their own craft, rather than the vocabulary the press uses about their products.",Not market specific,English,,https://www.youtube.com/channel/UCqJ-Xo29CKyLTjn6z2XwYAw,,,,,,,,,Industry
Gameranx,Media,Video channel,News and industry reporting,"Long-running video game news, reviews, and humor",Not market specific,English,,https://www.youtube.com/@gameranxTV,,,,,,,,,Adults
Mortismal Gaming,Media,Video channel,Reviews and first impressions,Popular PC gaming review videos with a focus on RPGs and cRPGs,Not market specific,English,,https://www.youtube.com/@MortismalGaming,,,,,,,,,Adults
Luke Stephens,Media,Video channel,Video essays and analysis,"Deep dives into the intricacies of the gaming industry. Game news, reviews, game critiques, analyses, and extensive rants.",Not market specific,English,,https://www.youtube.com/@LukeStephensTV,,,,,,,,,Adults
NakeyJakey,Media,Video channel,Video essays and analysis,All-time favorite gaming review and critic youtuber.,Not market specific,English,,https://www.youtube.com/@NakeyJakey,,,,,,,,,Adults
FUNKe,Media,Video channel,Video essays and analysis,Deep nerd reviews and philosophical musings with a cool animated avatar,Not market specific,English,,https://www.youtube.com/@FUNKe,,,,,,,,,Adults
Noodle,Media,Video channel,Video essays and analysis,"Fun and funny commentary about games, gaming mechanics, and the state of games",Not market specific,English,,https://www.youtube.com/@noodlefunny,,,,,,,,,Adults
Scott the Woz,Media,Video channel,Video essays and analysis,Goofy commentary videos on serious gaming topics,Not market specific,English,,https://www.youtube.com/@ScottTheWoz,,,,,,,,,Adults
Triple Jump,Media,Video channel,News and industry reporting,News and analysis across platforms and genres,Not market specific,English,,https://www.youtube.com/@TeamTripleJump,,,,,,,,,Industry
ACG,Media,Video channel,Reviews and first impressions,"Walking the Walk game critiques, video game reviews, video game previews, developer round tables",Not market specific,English,,https://www.youtube.com/@ACGreviews,,,,,,,,,Adults
The Librarian,Media,Video channel,Video essays and analysis,Cozy horror commentaries. A great example of how niche-ing down into genres,Not market specific,English,,https://www.youtube.com/@TheLibrarianYT,,,,,,,,,Adults
Markiplier,Media,Video channel,Let's Play and playthrough,"One of the most successful YouTubers, known for his ""Let's Play"" videos and bringing his indie movie Iron Lung to theaters in 2026. A great example of gaming as one part of a successful, long-running content strategy",Not market specific,English,,https://www.youtube.com/@markiplier,,,,,,,,,Adults
MrBeast Gaming,Media,Video channel,Let's Play and playthrough,"High-stakes Minecraft challenges and large-scale multiplayer competitions, from the world's most obnoxious YouTuber",Not market specific,English,,https://www.youtube.com/channel/UCIPPMRA040LQr5QPyJEbmXA,,,,,,,,,Parents & family
LankyBox,Media,Video channel,Let's Play and playthrough,"Roblox gameplay, animations, and comedy sketches hosted by Justin and Adam",Not market specific,English,,https://www.youtube.com/channel/UCSf0s2ogUVYpJPuzW1zpAOg,,,,,,,,,Children
VanossGaming,Media,Video channel,Let's Play and playthrough,"known for ""funny moments"" montages featuring a consistent group of friends playing games like Gmod and GTA 5",Not market specific,English,,https://www.youtube.com/channel/UCKqH_9mk1waLgBiL2vT5b9g,,,,,,,,,Adults
SSundee,Media,Video channel,Let's Play and playthrough,Loud and obnoxious and funny Roblox and Minecraft play and mods,Not market specific,English,,https://www.youtube.com/channel/UCke6I9N4KfC968-yRcd5YRg,,,,,,,,,Adults
FGTeeV,Media,Video channel,Let's Play and playthrough,"Focus on Roblox and other kid-friendly titles, blending gameplay with family vlogs and comedic sketches",Not market specific,English,,https://www.youtube.com/channel/UCC-RHF_77zQdKcA75hr5oTQ,,,,,,,,,Parents & family
Aphmau,Media,Video channel,Let's Play and playthrough,"Minecraft roleplay content featuring daily uploads of scripted Minecraft adventures, often involving ""baby"" versions of characters or monster-themed storylines.",Not market specific,English,,https://www.youtube.com/channel/UCzYfz8uibvnB7Yc1LjePi4g,,,,,,,,,Children
Mikecrack,Media,Video channel,Let's Play and playthrough,"Minecraft, Roblox, Free Fire, Fortnite y muchas otras series de PVP y Roleplay",Not market specific,Spanish,,https://www.youtube.com/channel/UCqJ5zFEED1hWs0KNQCQuYdQ,,,,,,,,,Adults
JuegaGerman,Media,Video channel,Let's Play and playthrough,"Gaming commentary and Let's Play comedic videos , plus stupid challenges.",Not market specific,Spanish,,https://www.youtube.com/@JuegaGerman,,,,,,,,,Adults
Jess No Limit,Media,Video channel,Esports and competitive coverage,"Mobile Legends: Bang Bang play and tournament coverage from Indonesia's most-subscribed creator, an MPL pro who retired from competition in 2019 to make content full time. Useful for seeing how a single mobile title carries an entire competitive scene in Southeast Asia, which the PC-and-console framing of esports tends to miss.",Not market specific,Indonesian,,https://www.youtube.com/channel/UCvh1at6xpV1ytYOAzxmqUsA,,,,,,,,,Adults
Techno Gamerz,Media,Video channel,Let's Play and playthrough,"Ujjwal Chaurasia's playthroughs, built on a long-running GTA V series and Minecraft, and the first gaming channel in Asia past fifty million subscribers. Useful for which Western titles carry an Indian audience, and how far a single series can be stretched.",Not market specific,Hindi,,https://www.youtube.com/channel/UCX8pnu3DYUnx8qy8V_c6oHg,,,,,,,,,Adults
Fernanfloo,Media,Video channel,Let's Play and playthrough,"Comedic Let's Plays and sketches from Salvadoran creator Luis Fernando Flores, among the most-subscribed gaming channels on YouTube in any language. Useful as the scale reference for Spanish-language reach, and for how little that reach depends on Spain.",Not market specific,Spanish,,https://www.youtube.com/user/fernanfloo,,,,,,,,,Adults
Frost Diamond,Media,Video channel,Let's Play and playthrough,"Minecraft played for laughs and aimed squarely at children, from Indonesia's biggest Minecraft channel. Useful for what the kids' end of the Indonesian market watches, and how closely it tracks the same Minecraft formats seen in English.",Not market specific,Indonesian,,https://www.youtube.com/@FrostDiamond,,,,,,,,,Children
Total Gaming,Media,Video channel,Let's Play and playthrough,"Garena Free Fire streams and highlights from Ajay, known as Ajjubhai, India's most-subscribed gaming creator. Useful for how a free-to-play mobile shooter sustains a creator economy in a market where console ownership is thin.",Not market specific,Hindi,,https://www.youtube.com/@TotalGaming093,,,,,,,,,Adults
DayoScript,Media,Video channel,Video essays and analysis,"Long-form critical essays on individual games and games culture from José Altozano, the reference point for Spanish-language games criticism on YouTube since 2012. Useful for tracking how critical discourse frames a release in Spanish.",Not market specific,Spanish,,https://www.youtube.com/channel/UCVBkwO6Ok1De0UfNZdo7-Ag,,,,,,,,,Adults
3DJuegos,Media,Video channel,News and industry reporting,"Video arm of Spain's highest-traffic games site, carrying daily news, reportage and event coverage. Useful for tracking what the Spanish trade layer treats as the story of the week.",Not market specific,Spanish,,https://www.youtube.com/3djuegos,,,,"OWNERSHIP FLAG. Webedia (Fimalac), per the vetted News rows 385 and 403. Webedia owns the largest games site in Spain and Mexico, so this is not an independent read on the Spanish market. Channel mixes trailers and gameplay with news. VERIFY most recent upload date.",,,,,Adults
Vandal,Media,Video channel,Reviews and first impressions,"Video arm of Spain's oldest console-focused outlet, founded 1997 and the historic home of Spanish games journalism. Carries análisis and launch coverage alongside gameplay, useful for tracking how a Spanish newsroom rather than a creator persona frames a release at launch.",Not market specific,Spanish,,https://www.youtube.com/@vandal,,,,"OWNERSHIP FLAG. El Español, a Spanish national digital newspaper, per the vetted News row 401. Outside the Webedia and Ziff Davis groups but not independent. Channel mixes gameplay with análisis, and guides are split to a separate Guías Vandal channel. VERIFY most recent upload date.",,,,,Adults
Guinxu,Media,Video channel,"Creation, modding and game dev",Devlogs of commercial indie games built in Unity plus videos dissecting how known games work internally. The clearest Spanish-language window into what solo game development actually involves.,Not market specific,Spanish,,https://www.youtube.com/c/guinxu,,,,"Creator-owned, and the channel documents games the creator sells on Steam and Google Play, so self-promotion is built into the format. Occasional launch livestreams, but the output is edited devlog video.",,,,,Industry
Baitybait,Media,Video channel,Community commentary,"Satirical edited essays on games industry practices including lootboxes, key reselling, marketing, and consumer campaigns such as Stop Killing Games. Useful for seeing which industry controversies the Spanish-speaking community is metabolising and how.",Not market specific,Spanish,,https://www.youtube.com/@SrBaityBait,,,,,,,,,Adults
AuthenticGames,Media,Video channel,Let's Play and playthrough,"Scripted, profanity-free Minecraft and Roblox roleplay series from Marco Túlio, the canonical example of Brazil's child-audience gameplay economy. Useful for seeing what kids' games content in Portuguese looks like and how it franchises into books, shows and licensed products.",Not market specific,Portuguese,,https://www.youtube.com/user/AuthenticGames,,,,,,,,,Children
Zangado,Media,Video channel,Reviews and first impressions,"Faceless voice-led verdict reviews under formats such as vale ou não a pena jogar, plus first-hour impressions. The reference point for Portuguese-language launch verdicts since 2009, useful for tracking Brazilian reception against global critic consensus.",Not market specific,Portuguese,,https://www.youtube.com/@ZangadoReview,,,,Blends reviews with game histories and general nerd content. Creator-owned.,,,,,Adults
Adrenaline Brasil,Media,Video channel,News and industry reporting,"Daily news videos and a weekly videocast on games and hardware from an outlet running since 2001. The closest thing in Portuguese to a trade layer in video form, useful for tracking what Brazilian games and tech coverage treats as the week's story.",Not market specific,Portuguese,,https://www.youtube.com/adrenaline,,,,"OWNERSHIP FLAG. The owner is Adrenaline. Tech and hardware share the beat with games roughly evenly. Also appears as a text outlet on News row 366, a deliberate cross-tab appearance.",,,,,Adults
Cachorro1337,Media,Video channel,Esports and competitive coverage,"Analysis and debate videos on the Counter-Strike 2 competitive scene, its meta and its skin economy in Portuguese. Useful for how Brazil's CS community reads its own scene outside the broadcast.",Not market specific,Portuguese,,https://www.youtube.com/@Cachorro1337,,,,,,,,,Adults
Gameplayrj,Media,Video channel,Community commentary,"Daily news-and-opinion videos from Davy Jones, self-described as notícias e opiniões do mundo dos video games todos os dias. The highest-volume place where Brazilian gaming controversies get argued through in edited video. Also presents the Flow Games podcast, which belongs to Grupo Flow, a tie worth knowing when weighing his industry commentary.",Not market specific,Portuguese,,https://www.youtube.com/channel/UCJAbkIY17zAmCTNQHH0bQoQ,,,,,,,,,Adults
まいぜんシスターズ (Maizen Sisters),Media,Video channel,Let's Play and playthrough,"Edited Minecraft 実況 (jikkyō) and animation series built around the characters ぜんいち and マイッキー. The defining example of Japan's child-audience gameplay economy and its franchise pipeline into books, stationery and events. Note that 実況 here means edited video, not livestream.",Not market specific,Japanese,,https://www.youtube.com/channel/UCM3yhFc0-fBFuvqx1Vg2YNQ,,,,,,,,,Children
KENT for 任天堂ゲームレビュー (KENT for Nintendō Gēmu Rebyū),Media,Video channel,Reviews and first impressions,"Verdict-led launch reviews of Nintendo software plus hardware history from a reviewer with a documented record of over 1,000 written reviews since 2007. Useful for tracking Japanese launch reception of Nintendo titles against critic consensus.",Not market specific,Japanese,,https://www.youtube.com/channel/UC464r66lcf6absw_jSqzXpA,,,,,,,,,Adults
電ファミ公式チャンネル (Denfami Kōshiki Channel),Media,Video channel,News and industry reporting,"Video arm of Denfaminicogamer, carrying game news, advance play footage and features from one of Japan's most respected independent games outlets. Useful for the trade layer in video form without a conglomerate parent.",Not market specific,Japanese,,https://www.youtube.com/channel/UCCtPlIxooFeAmSuQ6BKbxtQ,,,,"Outlet-owned by Mare Inc., which is founder-owned per this pack's News tab records. Also appears as a text outlet on the News tab, a deliberate cross-tab appearance.",,,,,Adults
ゲーム夜話 (Gēmu Yawa),Media,Video channel,Video essays and analysis,"Weekly 考察 (kōsatsu) essays taking one game per episode across three themes, covering design, development history and hardware since 2016. The closest Japanese equivalent to the Western video essay, delivered in the ゆっくり (yukkuri) format, a distinctively Japanese production convention in which synthesised text-to-speech characters narrate over stills and diagrams.",Not market specific,Japanese,,https://www.youtube.com/channel/UC-HNwUxGklhKSe67EitgqgA,,,,,,,,,Adults
桜井政博のゲーム作るには (Sakurai Masahiro no Gēmu Tsukuru ni wa),Media,Video channel,"Creation, modding and game dev","Roughly 260 short lectures on game design, direction and development practice from the director of 星のカービィ and 大乂闘スマッシュブラザーズ, using Nintendo development materials with permission. The most authoritative developer-facing archive on the platform in any language.",Not market specific,Japanese,,https://www.youtube.com/channel/UC5CTV3JSdrlo5Pa42QkK8SA,,,,"The series is COMPLETE. It concluded with a final special on 22 Oct 2024 and no further episodes are planned, so treat it as a finished reference archive rather than an ongoing feed. Its dormancy is by design and not neglect. Creator-owned via 有限会社ソラ, produced at the creator's own cost with no channel revenue. An English twin channel exists.",,,,,Industry
ナカイドのゲーム情報チャンネル (Nakaido no Gēmu Jōhō Channel),Media,Video channel,Community commentary,"Commentary videos on game controversies, service shutdowns and industry gossip, centred on ソーシャルゲーム (sōsharu gēmu), the mobile gacha segment that defines the Japanese market. Useful for seeing which controversies the Japanese community is metabolising.",Not market specific,Japanese,,https://www.youtube.com/channel/UCrcqCDrC5nn-8KrbzUNrvSA,,,,,,,,,Adults
しぐれうい (Shigure Ui),Media,Video channel,VTuber and persona-led,"One of the largest independent (個人勢, kojinzei) VTubers in Japan, an illustrator performing as her own self-designed avatar. The channel carries original songs including a viral hit past a hundred million plays alongside talk and illustration content, giving the clearest view of what persona-led production looks like outside the agency system. Weekly streams with edited videos, roughly monthly. Japanese VTubing is live-native even at the top of the form.",Not market specific,Japanese,,https://www.youtube.com/@ui_shig,,,,"INDEPENDENT, no agency, which is why this row escapes the Hololive and Nijisanji ownership problem.",,,,,Adults
잠뚜 TV (Jamddeul TV),Media,Video channel,Let's Play and playthrough,Edited Minecraft storytelling series from one of the three creators who defined first-generation Korean kids' Minecraft YouTube. The clearest window into the child-audience gameplay economy that Korean 유튜버 (yutyubeo) culture built separately from the livestream world.,Not market specific,Korean,,https://www.youtube.com/channel/UCg7rkxrTnIhiHEpXY1ec9NA,,,,,,,,,Children
메탈킴 (Metal Kim),Media,Video channel,Reviews and first impressions,"Rapid-fire verdict reviews across console and PC games in a self-described 속사포 (soksapo, rapid-fire) style modelled on Zero Punctuation, running since the mid-2010s. The established Korean example of the fast opinionated review form.",Not market specific,Korean,,https://www.youtube.com/@메탈킴,,,,,,,,,Adults
중년게이머 김실장 (Jungnyeon Gamer Kim Siljang),Media,Video channel,News and industry reporting,"Long-form analysis of the Korean industry's 명과 암 (myeong-gwa am, the light and the dark) from a veteran games journalist, including the standard explanations of why Lineage-like monetisation works. The closest thing on Korean YouTube to trade journalism in video form.",Not market specific,Korean,,https://www.youtube.com/channel/UCSgvQDek_7CQj08fu7kp1Iw,,,,"OWNERSHIP FLAG. Operated by ThisIsGame, an independent games outlet per this pack's News tab records, so outlet-owned but not conglomerate-owned.",,,,,Industry
펙귄몬스터 (Penguin Monster),Media,Video channel,Video essays and analysis,"Documentary-style chronologies of Korean games and companies, running from design intent and market context through to decline, with sources credited in closing credits. Functions as an archive of the Korean industry's history in video form.",Not market specific,Korean,,https://www.youtube.com/channel/UCqcxF7BAF3GSz36Yx_0qGaQ,,,,"OWNERSHIP FLAG. MCN-managed by TREASURE HUNTER, per the channel's own business contact and mailing address. The characterisation of its format and reception rests substantially on Namu Wiki and is wiki-level only. The ownership does not, it is from the channel itself.",,,,,Adults
포프TV (Pope TV),Media,Video channel,"Creation, modding and game dev","Weekly talks on game and software engineering careers from a former senior rendering engineer with FIFA, Halo, Minecraft and Space Marine credits. The most senior developer voice speaking Korean on the platform.",Not market specific,Korean,,https://www.youtube.com/channel/UC63J0Q5huHSlbNT3KxvAaHQ,,,,,,,,,Industry
김성회의 G식백과 (Kim Seong-hoe ui G-sik Baekgwa),Media,Video channel,Community commentary,"Fast, meme-literate explainers on the controversies Korean gaming actually argues about, including item probability disclosure, censorship and game law, from a former developer turned advocate. The best entry point into what Korean gamers are angry about and why.",Not market specific,Korean,,https://www.youtube.com/channel/UCZ0bi2aVJngKLwFTU5g_fLQ,,,,,,,,,Adults
이세계아이돌 ISEGYE IDOL (Isegye Idol),Media,Video channel,VTuber and persona-led,"Official channel of Korea's defining virtual idol group, carrying music videos, performance videos and produced clips. The clearest view of Korean persona-led production and of how a stream-born VTuber project industrialised into an idol operation.",Not market specific,Korean,,https://www.youtube.com/@isegyeidol_ofcl,,,,"OWNERSHIP FLAG. Operated under PARABLE ENTERTAINMENT, whose copyright line appears on the channel's 2025 and 2026 releases and which announced the group's official channels on 30 Sep 2025. IMPORTANT SCOPE NOTE: the group originates in the 우왝굳 (Woowakgood) Waktaverse stream ecosystem, and the members' six individual channels are stream-native and out of scope. This cell is filled by a corporate produced-content channel, not by an individual creator, which is a different route from the Japanese VTuber row. The dormant 왝타버스 hub holds the pre-2025 archive.",,,,,Adults
Domtendo,Media,Video channel,Let's Play and playthrough,"Long-running edited Let's Plays and complete walkthroughs of Nintendo franchises including Zelda, Mario, Pokémon, Splatoon and Kirby, alongside current children's horror-game series such as Poppy Playtime and Garten of Banban. Running since 2010 across many thousands of videos, the most durable example of the German serial playthrough channel.",Not market specific,German,,https://www.youtube.com/@Domtendo,,,,"Managed via Ciberdime GmbH per the channel's own Impressum. Occasional Twitch streams exist and a separate Domtendo Clips channel carries clip content, which keeps the main channel edited. Reaction videos share the slate with playthroughs.",,,,,Adults
Game Two,Media,Video channel,Reviews and first impressions,"Verdict-led Tests and launch coverage in a weekly magazine show from the team behind Germany's best-known games format. Independent since July 2025 after 382 publicly funded episodes, and the only surviving German review institution of its kind in video form.",Not market specific,German,,https://www.youtube.com/@GameTwo,,,,"OWNERSHIP FLAG. Produced by BEANS Entertainment GmbH within the Rocket Beans group, independent and founder-owned per this pack's News tab records. The parent Rocket Beans TV operation is substantially a live network, while this channel carries the edited show.",,,,,Adults
PC Games,Media,Video channel,News and industry reporting,"Daily news videos plus Tests, Vorschauen, Grafikvergleiche and Reportagen from the magazine brand founded in 1992, with a weekly Gerüchteküche rumour show, a Saturday Kolumne and monthly release roundups. The broadest daily German games news operation in video outside the Webedia group.",Not market specific,German,,https://www.youtube.com/channel/UCWVmTAYeA--m-6MDNsxp4Ow,,,,"OWNERSHIP FLAG. Outlet-owned by Computec Media GmbH, a subsidiary of the Swiss Marquard Media Group, which is not on this pack's concentrated-owner list. VERIFY THE OWNERSHIP CHAIN against a primary register before publishing, since it currently rests on encyclopedia entries.",,,,,Adults
Stay Forever,Media,Video channel,Video essays and analysis,"The leading German games history and preservation project, running fifteen years of sourced episodes on the games and technology of the 1980s to early 2000s from two former GameStar editors-in-chief. The YouTube channel carries the illustrated archive and original Zeitzeugen interviews with industry veterans.",Not market specific,German,,https://www.youtube.com/@StayForeverDE,,,,,,,,,Adults
SambZockt,Media,Video channel,"Creation, modding and game dev","German-language explainers on how games technically work, including the Die Technik von series dissecting the engineering behind specific titles, from a creator who ships his own games including BlobCat on Switch and Steam. The closest German YouTube comes to a developer-facing layer.",Not market specific,German,,https://www.youtube.com/@Samb,,,,,,,,,Adults
Bob Lennon,Media,Video channel,Let's Play and playthrough,"Long-running edited Let's Play series across Skyrim, roguelites, horror and indie titles from one of the two creators who built the francophone Minecraft Let's Play audience. Useful for hearing what the dominant French gameplay format sounds like in its established form.",Not market specific,French,,https://www.youtube.com/channel/UCo0U1tbk3YbqiLDhkeWOviQ,,,,,,,,,Adults
ActuGaming,Media,Video channel,Reviews and first impressions,"Verdict-led tests at a stated minimum of two per week across PlayStation, Xbox, Nintendo and PC, plus a Sunday Débrief and full event roundups, from an independent outlet that also runs the AG French Direct showcase for francophone games.",Not market specific,French,,https://www.youtube.com/@ActuGaming,,,,"OWNERSHIP FLAG. Outlet-owned and recorded as independent in this pack, though the specific publishing company was not verified and should be checked against a primary register.",,,,,Adults
Julien Chièze,Media,Video channel,News and industry reporting,"Daily French-language games news and industry commentary produced with a small team, running since April 2017 from a journalist who started at Joypad in the 1990s and co-founded Gameblog. The largest independent French actu gaming operation in video form.",Not market specific,French,,https://www.youtube.com/channel/UCRXcryyD7dzNQzd0Zkbj3ug,,,,,,,,,Adults
Game Next Door,Media,Video channel,Video essays and analysis,"Chroniques breaking down game design questions such as difficulty, tutorial guidance, elitism and monetisation, using AAA and independent examples, from a duo whose format descends from the 3615 Usul lineage of French games criticism.",Not market specific,French,,https://www.youtube.com/@GameNextDoor01,,,,,,,,,Adults
Doc Geraud,Media,Video channel,"Creation, modding and game dev","Game design analysis and development journals from a working independent developer trained at ENJMIN with two years at Ubisoft, whose released games include Un Pas Fragile, Buissons and Larcin Lazer. A practitioner's account of why design decisions get made.",Not market specific,French,,https://www.youtube.com/channel/UCQfrSok6xuClEq8bOwiEWfA,,,,,,,,,Industry
WhatCulture Gaming,Media,Podcast,News and roundup,"Tracks what a high volume British games and pop culture publisher pushes into audio, useful for reading mainstream UK games coverage rather than enthusiast opinion.",UK; US,English,,https://podcasts.apple.com/gb/podcast/whatculture-gaming/id1433583146,,,,"OWNERSHIP FLAG. Produced by WhatCulture.com, a Newcastle based publisher. High publication volume. Charts in both the UK and the US, so treat it as cross market rather than UK only.",,,,,
Button Boys,Media,Podcast,Consumer reviews and recommendations,"Shows how British comedy performers frame games for a general audience, useful for reading how games reach listeners who do not follow games media.",UK,English,,https://podcasts.apple.com/gb/podcast/button-boys/id1827054353,,,,"Hosted by stand up comedians Glenn Moore, Sarah Keyworth and Pierre Novellie. Comedy led rather than journalistic. See the proposed ninth type in the notes file.",,,,,
IGN UK Podcast,Media,Podcast,News and roundup,"Gives the British editorial line of a large international games outlet, useful for separating UK specific framing from the same outlet's US output.",UK,English,,https://podcasts.apple.com/gb/podcast/ign-uk-podcast/id337004125,,,,"OWNERSHIP FLAG. IGN and Geek Media, owned by Ziff Davis. Compare directly against Nintendo Voice Chat and Beyond from the same parent.",,,,,
The Computer Game Show,Media,Podcast,News and roundup,"A long running independent British panel show, useful as a non outlet counterpoint to publisher owned UK podcasts.",UK,English,,https://podcasts.apple.com/gb/podcast/the-computer-game-show/id1100170036,,,,"Independent. No outlet parent identified. The show's own site did not resolve during this run, so the Apple listing is used as the link.",,,,,
PlayStation Access,Media,Podcast,News and roundup,"Shows how a platform holder's own UK team presents its slate, useful as a record of first party messaging rather than independent coverage.",UK,English,,https://podcasts.apple.com/gb/podcast/playstation-access/id1615420937,,,,"OWNERSHIP FLAG. Published by PlayStation UK, part of Sony Interactive Entertainment. This is first party promotional media. NEVER CITE AS FACT on questions about the platform's own performance.",,,,,
Kinda Funny Games Daily,Media,Podcast,News and roundup,"A daily record of what the US games news cycle treated as important, useful for reconstructing the sequence and tone of a story week by week.",US; UK,English,,https://podcasts.apple.com/us/podcast/kinda-funny-games-daily-video-games-news-podcast/id1247343210,,,,"Creator owned. Hosts Greg Miller, Tim Gettys and Blessing Adeoye Jr. Runs a paid membership tier alongside the free feed.",,,,,
Kinda Funny Gamescast,Media,Podcast,Criticism and analysis,"Longer form argument about specific games from the same creator owned group, useful for how a mainstream US audience reasons about quality.",US; UK,English,,https://podcasts.apple.com/us/podcast/kinda-funny-gamescast-video-game-podcast/id957171516,,,,"Creator owned. Same parent as Kinda Funny Games Daily, so the two are not independent sources of each other.",,,,,
GOONS,Media,Podcast,Consumer reviews and recommendations,"Personality led US games talk, useful for reading how games circulate through entertainment audiences rather than trade coverage.",US,English,,https://podcasts.apple.com/us/podcast/goons/id1475597548,,,,Independent. Ownership is not recorded here.,,,,,
Nintendo Voice Chat,Media,Podcast,News and roundup,"A single platform beat covering Nintendo, useful for tracking one publisher's cadence and how coverage responds to its announcements.",US; UK; JP,English,,https://podcasts.apple.com/us/podcast/nintendo-voice-chat/id276268457,,,,"OWNERSHIP FLAG. IGN and Geek Media, owned by Ziff Davis. Charts in the US, the UK and Japan, where it is the highest placed foreign show.",,,,,
Castle Super Beast,Media,Podcast,Consumer reviews and recommendations,"Long form unstructured games talk from a streaming derived audience, useful for reading vocabulary and enthusiasm that does not appear in trade press.",US,English,,https://podcasts.apple.com/us/podcast/castle-super-beast/id688649759,,,,"Creator owned, grew out of the Super Best Friends Play streaming group. Runs a paid tier. Informal register, TEXTURE ONLY for factual claims.",,,,,
The Jeff Gerstmann Show,Media,Podcast,Criticism and analysis,"A veteran US critic working solo, useful for tracing how an individual reviewer's judgement differs from outlet consensus.",US; UK; JP,English,,https://podcasts.apple.com/us/podcast/the-jeff-gerstmann-show-a-podcast-about-video-games/id1628348754,,,,"OWNERSHIP FLAG. Published under Daylight Media. Host previously led Giant Bomb, so treat his commentary on that outlet as interested.",,,,,
Get Played,Media,Podcast,Consumer reviews and recommendations,"Comedy network treatment of games including deliberately poor ones, useful for reading games as general entertainment rather than as a specialist field.",US,English,,https://podcasts.apple.com/us/podcast/get-played/id1466286684,,,,"OWNERSHIP FLAG. Published by Headgum, a comedy podcast network. Comedy led rather than journalistic. See the proposed ninth type in the notes file.",,,,,
Giant Bombcast,Media,Podcast,News and roundup,"A long running US outlet podcast now under creator ownership, useful for watching an outlet's voice survive three changes of owner.",US; JP,English,,https://podcasts.apple.com/us/podcast/giant-bombcast/id274450056,,,,"OWNERSHIP FLAG. Giant Bomb is independently owned by Jeffinitely, LLC, formed by Jeff Bakalar and Jeff Grubb, per Wikipedia as of 2025. Wiki sourced, so VERIFY against a primary filing. Runs Giant Bomb Premium. Also on the News tab of this pack.",,,,,
Beyond,Media,Podcast,News and roundup,"A PlayStation focused beat from a large outlet, useful alongside Nintendo Voice Chat for comparing how one publisher covers two platforms.",US,English,,https://podcasts.apple.com/us/podcast/beyond/id276268070,,,,"OWNERSHIP FLAG. IGN and Geek Media, owned by Ziff Davis. Same parent as Nintendo Voice Chat and IGN UK Podcast.",,,,,
ゲームなんとか (Gemu Nantoka),Media,Podcast,Criticism and analysis,"The highest charting Japanese language games podcast, useful as the clearest available sample of domestic Japanese games discussion in audio.",JP,Japanese,,https://podcasts.apple.com/jp/podcast/id1345459080,,,,"Independent, produced by ゲームなんとか制作委員会 (Gemu Nantoka Seisaku Iinkai). Note that Japanese game audio largely sits on radio and on Niconico rather than podcast feeds, so chart position here reflects a small field.",,,,,
Bright Bit Brothers,Media,Podcast,Criticism and analysis,"Independent Japanese games conversation, useful as a second domestic sample against ゲームなんとか (Gemu Nantoka).",JP,Japanese,,https://podcasts.apple.com/jp/podcast/bright-bit-brothers/id1507193733,,,,"Independent, produced by ブライトビットブラザーズ (Bright Bit Brothers). Ownership NOT researched.",,,,,
ゲームの滝壺 (Gemu no Takitsubo),Media,Podcast,Criticism and analysis,"Three host Japanese games discussion, useful for hearing how domestic listeners argue about releases without outlet framing.",JP,Japanese,,https://podcasts.apple.com/jp/podcast/id1749310211,,,,"Independent, hosts 夜中たわし (Yonaka Tawashi), ひゅうま (Hyuma) and イチィゴォー (Ichiigo). Ownership NOT researched.",,,,,
ゲームのスキマ (Gemu no Sukima),Media,Podcast,Criticism and analysis,"Short form Japanese games talk, useful for sampling domestic reaction close to release dates.",JP,Japanese,,https://podcasts.apple.com/jp/podcast/id1767391163,,,,Independent. Ownership NOT researched.,,,,,
週刊ゲームななめよみ (Shukan Gemu Nanameyomi),Media,Podcast,News and roundup,"A weekly Japanese games news read through, useful for tracking which stories the domestic audience heard about at all.",JP,Japanese,,https://podcasts.apple.com/jp/podcast/id1639399297,,,,"Independent, host シュナイダー (Schneider). Ownership NOT researched.",,,,,
ゲームの話をさせてくれ (Gemu no Hanashi o Sasete Kure),Media,Podcast,Criticism and analysis,"Single host Japanese games commentary, useful as an individual voice against the panel format that dominates the domestic chart.",JP,Japanese,,https://podcasts.apple.com/jp/podcast/id1677274455,,,,"Independent, host アルマ (Aruma). Ownership NOT researched.",,,,,
IGN JAPAN しゃべりすぎGAMER ポッドキャスト (Shaberisugi GAMER),Media,Podcast,News and roundup,"The Japanese arm of an international outlet in audio, useful for comparing how the same parent covers games in Japanese and in English.",JP,Japanese,,https://podcasts.apple.com/jp/podcast/id1258418439,,,,"OWNERSHIP FLAG. IGN JAPAN, licensed from IGN, which is owned by Ziff Davis. Host Esra Krabbe. IGN Japan is also on the News tab of this pack.",,,,,
魔界GAME倶楽部 (Makai GAME Kurabu),Media,Podcast,News and roundup,"A commercial radio games programme released as a podcast, useful as evidence that Japanese games audio runs through broadcast rather than podcast native production.",JP,Japanese,,https://podcasts.apple.com/jp/podcast/id1896883376,,,,"OWNERSHIP FLAG. Produced by FM802, an Osaka commercial radio station. Broadcast property first and podcast second. Only four episodes sit on the podcast feed, so the feed is not the full programme.",,,,,
のばラジ (Nobaraji),Media,Podcast,Consumer reviews and recommendations,"A Japanese games YouTuber working in audio, useful for reading how creator audiences differ from outlet audiences.",JP,Japanese,,https://podcasts.apple.com/jp/podcast/id1801572391,,,,"Creator owned, host のばまん (Nobaman). Title uses ラジオ (rajio, radio) in the abbreviated form ラジ, consistent with the Japanese naming pattern noted in the market notes.",,,,,
アントニーのALL-IN (Antony no ALL-IN),Media,Podcast,News and roundup,"Another commercial radio games programme in podcast form, useful as a second example of the broadcast route into Japanese games audio.",JP,Japanese,,https://podcasts.apple.com/jp/podcast/id1681695353,,,,"OWNERSHIP FLAG. Produced by interfm, a Tokyo commercial radio station. Broadcast property first.",,,,,
Stay Forever,Media,Podcast,Games history and preservation,"Takes one 1980s or 1990s game per episode and researches its development history, useful for German language primary detail on older titles that English sources do not cover.",DE,German,,https://www.stayforever.de/podcast/,,,,"Listener financed since 2016 with no advertising, no sponsors and no free review copies, stated by the makers. 8,353 crowdfunding subscribers as of 2026 per a GamesWirtschaft interview with Gunnar Lott and Christian Schmidt. Founders are former GameStar editors. CROSS TAB OVERLAP, currently on the YouTube tab of this pack.",,,,,
Insert Moin,Media,Podcast,Criticism and analysis,"A very long running German games podcast positioning itself as independent games journalism, useful for German language argument about the industry over more than a decade.",DE,German,,https://insertmoin.de/podcast/,,,,"Crowdfunded at roughly five euros per month. Self describes as unabhaengiger Spielejournalismus zum Hoeren, meaning independent games journalism to listen to. The scan reports more than 3,600 episodes but the Apple feed carries 2,124, so the higher figure is UNVERIFIED.",,,,,
Auf ein Bier von Gamespodcast.de,Media,Podcast,Industry and business,"Argument about how games journalism is funded and how that shapes coverage, useful for a stated counter model to advertising financed games media.",DE,German,,https://podcasts.apple.com/de/podcast/auf-ein-bier-von-gamespodcast-de/id996280061,,,,"Founded by Andre Peschke after leaving GameStar in July 2016. Peschke argues publicly that advertiser funded journalism produces clickbait, per IGM Online, so his commentary on ad funded outlets is interested. Listener financed.",,,,,
GameStar Podcast,Media,Podcast,News and roundup,"The audio output of a large German games publisher, useful as the mainstream German baseline against the independent crowdfunded shows.",DE,German,,https://podcasts.apple.com/de/podcast/gamestar-podcast/id1207844441,,,,"OWNERSHIP FLAG. Published by GameStar, part of IDG Germany under Funke Mediengruppe. Hosts Michael Graf and Gueraldine Hohmann. GameStar is also on the News tab of this pack. Parent group NOT verified in this run.",,,,,
Outcast - I podcast videoludici,Media,Podcast,Criticism and analysis,"Sustained Italian language games criticism across a large back catalogue, useful for Italian critical vocabulary and for arguments that do not reach English coverage.",IT,Italian,,https://podcasts.apple.com/it/podcast/outcast-i-podcast-videoludici/id983315759,,,,"Independent, produced by Outcast Staff. Listed on the Grep.fm aggregator with a five star average across 64 reviews, which is an aggregator claim and not a measure of reach.",,,,,
Power Pizza,Media,Podcast,Consumer reviews and recommendations,"Italian pop culture conversation that treats games alongside comics and film, useful for seeing where games sit inside a broader Italian cultural audience.",IT,Italian,,https://podcasts.apple.com/it/podcast/power-pizza/id1412002260,,,,"Hosts are cartoonist Simone Albrigi, photographer Nicola Bernardi and chef Lorenzo Civolari. Games are one strand among several, so this is not a dedicated games show. Host descriptions are partly Tier 4 community wiki sourced.",,,,,
Joypad,Media,Podcast,Criticism and analysis,"Games coverage produced by an Italian general news outlet, useful for how games are explained to a non specialist Italian readership.",IT,Italian,,https://podcasts.apple.com/it/podcast/joypad/id1491137742,,,,"OWNERSHIP FLAG. Published by Il Post, an Italian news organisation. This is general press coverage of games rather than enthusiast media.",,,,,
99Vidas - Nostalgia e Videogames,Media,Podcast,Games history and preservation,"Weekly Brazilian retrospective on 1980s and 1990s games and the surrounding Brazilian media culture, useful for Brazilian specific memory that English retro coverage omits.",BR; JP,Portuguese,,https://podcasts.apple.com/br/podcast/99vidas-nostalgia-e-videogames/id460576922,,,,"Independent. Scope has widened beyond games into general Brazilian nostalgia, so not every episode is a games episode. Charts in Japan at position 44, which is a finding about the thinness of that chart rather than about Brazilian reach.",,,,,
Jogabilidade,Media,Podcast,Criticism and analysis,"Single subject Brazilian episodes on one game, franchise or developer at a time, useful for sustained Portuguese language analysis rather than news.",BR,Portuguese,,https://podcasts.apple.com/br/podcast/jogabilidade/id490118075,,,,"Independent. A host guested on 99Vidas episode 700, so the two shows are not fully independent of each other. The show's own domain returned an error to automated fetching, so the Apple listing is used.",,,,,
El Podcast de los 3 Gordos Bastardos,Media,Podcast,News and roundup,"Long running Mexican games conversation, useful for Mexican and wider Latin American framing of releases that Spain focused shows treat differently.",LATAM,Spanish,,https://podcasts.apple.com/mx/podcast/el-podcast-de-los-3-gordos-bastardos/id444069307,,,,"Independent, hosts Adrian Araya, Ezequiel Segura and Rafa Mesa, based in Mexico City. The Apple feed carries 100 episodes while the scan cites 430 on feed and a recent episode numbered 650, so the feed is truncated and the totals are UNVERIFIED.",,,,,
Fuera Del Control,Media,Podcast,News and roundup,"Mexican games and wider geek culture coverage from a team with long industry tenure, useful for Latin American coverage that spans games, film and anime together.",LATAM,Spanish,,https://podcasts.apple.com/mx/podcast/fuera-del-control/id1460558455,,,,"Independent. Listed first on Feedspot's Mexico roundup, which is an aggregator claim and not a measure of reach. Team tenure claims come from the same aggregator and are UNVERIFIED.",,,,,
Podcast Reload,Media,Podcast,Criticism and analysis,"Spanish games criticism from an editorially distinct outlet, useful for Spanish critical argument and for developer interviews conducted in Spanish.",ES,Spanish,,https://www.anaitgames.com/podcast/reload,,,,"OWNERSHIP FLAG. Produced by AnaitGames, a Spanish games site. Named on the Mediavida forum as one of two shows Spanish listeners recommend, which is observed forum sentiment and not a measure of quality.",,,,,
Rejugando,Media,Podcast,Games history and preservation,"Twice weekly Spanish show pairing classic game retrospectives with current news, useful for Spanish language retro coverage on a fast cadence.",ES,Spanish,,https://rejugando.com/programas/,,,,"Independent. The scan cites episode 304 while the Apple feed carries 177 episodes, so the feed is truncated and the higher figure is UNVERIFIED.",,,,,
Reconectados Videojuegos,Media,Podcast,News and roundup,"Independent Spanish console discussion across PlayStation, Xbox and Nintendo, useful as a non outlet Spanish voice against publisher owned shows.",ES,Spanish,,https://podcasts.apple.com/es/podcast/reconectados-videojuegos/id1304330116,,,,"Independent. Described favourably in Mediavida forum threads, which is observed forum sentiment recorded as evidence that the opinion exists and nothing more.",,,,,
게임발굴단 (Geim Balguldan),Media,Podcast,Consumer reviews and recommendations,"One of very few sustained Korean language games podcasts, useful as a rare audio sample of Korean console discussion given that Korean games discourse sits mostly outside podcasting.",KR,Korean,,https://podcasts.apple.com/kr/podcast/id1413277440,,,,"Independent, credited to 노PD (No PD) and 이솦 (I Sop). Korea has no games category on its leading podcast platform, so chart context for Korean shows is limited. Biweekly.",,,,,
종합콘솔게임방송 - 겜덕비상 (Jonghap Console Game Bangsong - Gemdeok Bisang),Media,Podcast,Consumer reviews and recommendations,"Korean console games talk with roots in an independent media network, useful for how Korean games audio sits inside a broader independent broadcasting lineage.",KR,Korean,,https://podcasts.apple.com/kr/podcast/id1138685754,,,,"OWNERSHIP FLAG. Formally joined 딴지라디오 (Ddanzi Radio) on 29 July 2016, a legacy Korean independent media institution. This affiliation is sourced only to Namu Wiki, a community wiki, and is NOT confirmed against a primary source. Ruliweb forum users associate podcasting broadly with partisan political media, which is observed forum sentiment about the format and not about this show.",,,,,
RETRO PEOPLE :: 본격 고전게임 탐험방송 (Bongyeok Gojeon Geim Tamheom Bangsong),Media,Podcast,Games history and preservation,"Korean language classic games exploration, useful for Korean retro coverage and for how Korean listeners frame games history.",KR,Korean,,https://podcasts.apple.com/kr/podcast/id1315748287,,,,"Independent, produced by CHRP, 채널라디오피플 (Channel Radio People). Running since 2014 and currently in a second season.",,,,,
Friends Per Second,Media,Podcast,Consumer reviews and recommendations,"Panel format US games conversation that also charts in the UK, useful as a second data point on which US shows travel to British listeners.",US; UK,English,,https://podcasts.apple.com/us/podcast/friends-per-second/id1629844110,,,,"Independent. Ownership NOT researched. Charts in the UK as well as the US, so treat as cross market.",,,,,
The Cane and Rinse videogame podcast,Media,Podcast,Criticism and analysis,"Episode length single game studies built from listener contributions, useful for deep criticism of one title at a time rather than release cycle coverage.",UK; JP,English,,https://podcasts.apple.com/gb/podcast/the-cane-and-rinse-videogame-podcast/id467041704,,,,"Independent and listener supported. Did NOT appear in the live Apple UK top ten but charts in Japan at position 21, so its domestic chart position is weaker than its overseas placement. Funding model NOT verified in detail.",,,,,
"Power Play: Video Games, Politics, and the Battle for Global Influence (2026)",Media,Book or paper,Industry journalism,Exploring the burgeoning foreign and domestic movements to spread influence through video games,UK,English,,https://bookshop.org/p/books/power-play-video-games-politics-and-the-battle-for-global-influence-george-e-osborn/0faa94442520becc?ean=9781493094134&next=t&,,George E. Osborn,,,,,2026,9781493094134,
Millennial Monsters (2006),Media,Book or paper,Academic monograph,"Foundational on Japanese character merchandising, cuteness, and play going global. Good to pair with Matt Alt's Pure Invention. Covers the rre-smartphone era so best read for foundations, not current platforms",JP,English,,https://www.ucpress.edu/book/9780520245655/millennial-monsters,,Anne Allison,,,,,2006,9780520245655,
Anime's Media Mix (2012),Media,Book or paper,Academic monograph,The theory of JP transmedia (media mix) and essential for understanding character-first IP logic. Dense.,JP,English,,https://www.upress.umn.edu/9780816675500/animes-media-mix/,,Marc Steinberg,,,,,2012,9780816675500,
The Platform Economy (2019),Media,Book or paper,Academic monograph,"How Japanese platform thinking (i-mode, LINE) prefigured the app economy. Very academic.",JP; Global,English,,https://www.upress.umn.edu/9781517906955/the-platform-economy/,,Marc Steinberg,,,,,2019,9781517906955,
Pure Invention (2020),Media,Book or paper,Popular nonfiction,Accessible cultural history of JP pop exports from Kitsugi's Jeep to the Walkman and emoji. Super fast onboarding read for Japan,JP; Global,English,,https://www.abebooks.com/,,Matt Alt,,,,,2020,9781984826695,
Korea's Online Gaming Empire (2010),Media,Book or paper,Academic monograph,"The standard English account of how PC방 culture and online gaming industrialized in Korea. Covers the pre-mobile era, so don't read for current trends.",KR,English,,https://direct.mit.edu/books/monograph/3302/Korea-s-Online-Gaming-Empire,,Dal Yong Jin,,,,,2010,9780262014762,
Watch Me Play (2018),Media,Book or paper,Academic monograph,The reference work on livestreaming culture and Twitch. Pre-dates the current era of Kick and TikTok Live and Chzzk,US; Global,English,,https://press.princeton.edu/books/paperback/9780691183558/watch-me-play,,T.L. Taylor,,,,,2018,9780691183558,
Raising the Stakes (2012),Media,Book or paper,Academic monograph,"Foundational esports ethnography, though the economics have shifted since its publication. Still good for a foundation",Global,English,,https://mitpress.mit.edu/9780262527583/raising-the-stakes/,,T.L. Taylor,,,,,2012,9780262527583,
Engineering Play (2009),Media,Book or paper,Academic monograph,"Children's software and the construction of ""educational"" play. Historical stuff, not current.",US; JP,English,,https://mitpress.mit.edu/9780262517386/engineering-play/,,Mizuko Ito,,,,,2009,9780262517386,
Games and Culture (journal),Media,Book or paper,Peer-reviewed journal,"The main games-studies journal for cultural questions. Would definitely search here before claiming ""no research exists"". Paywalled.",Global,English,,https://journals.sagepub.com/home/gac,,,,,,,,,
Game Studies (gamestudies.org),Media,Book or paper,Peer-reviewed journal,Fully open-access games research since 2001,Global,English,,https://gamestudies.org,,,,,,,,,
DiGRA digital library,Media,Book or paper,Conference proceedings,Open conference papers where emerging games-research topics appear first,Global,English,,https://dl.digra.org,,,,,,,,,
"Blood, Sweat, and Pixels (2017)",Media,Book or paper,Industry journalism,"How AAA and indie games actually get made through crunch, scope, and studio economics, via 10 case studies. Cases are 2011 to 2017 titles, so it pre-dates the layoffs which began in 2022ish",US; Global,English,,https://harpercollins.co.uk/products/blood-sweat-and-pixels-the-triumphant-turbulent-stories-behind-how-video-games-are-made-jason-schreier,,Jason Schreier,,,,,2017,9780062651235,
Press Reset (2021),Media,Book or paper,Industry journalism,"Why game studios collapse and what happens to workers. Covers the labor-precarity side of the industry, which is especially relevant after mass layoffs began in 2022. Focused on US studios in the console and PC era, not so muhc on mobile",US,English,,https://www.hachettebookgroup.com/titles/jason-schreier/press-reset/9781538735480/,,Jason Schreier,,,,,2021,9781538735480,
Play Nice (2024),Media,Book or paper,Business history,The definitive single-company study of how corporate ownership reshapes a beloved game culture (Blizzard/Activision/Microsoft). Hundreds of sources who all want their old company back,US; Global,English,,https://www.hachettebookgroup.com/titles/jason-schreier/play-nice/9781538725429/,,Jason Schreier,,,,,2024,9781538725429,
Stream Big (2025),Media,Book or paper,Industry journalism,"Explores the current state of the Twitch creator economy as told through nine streamer careers. Good on creator-vs-platform power dynamics. Sympathetci to creators, only covers English language",US,English,,https://www.simonandschuster.com/books/Stream-Big/Nathan-Grayson/9781982156763,,Nathan Grayson,,,,,2025,9781982156763,
The History of the Future (2019),Media,Book or paper,Business history,"The consumer VR origin story of Oculus, includes Kickstarter hype cycles and Facebook's acquisition logic. Slightly controversial bc of coverage of Palmer Luckey's politics.",US,English,,https://www.harpercollins.ca/9780062455970/the-history-of-the-future/,,Blake J. Harris,,,,,2019,9780062455970,
"The Metaverse (2022, revised edition 2024)",Media,Book or paper,Popular nonfiction,The clearest framework for immersive/spatial internet economics. Provides a useful vocabulary for platform strategy but it's written by a VC.,Global,English,,https://wwnorton.com/books/9781324095286,,Matthew Ball,,,,,"2022, revised edition 2024",9781324095286,
Sid Meier's Memoir! (2020),Media,Book or paper,Memoir,"Design philosophy from the Civilization creator, and color on PC-gaming origins",US,English,,https://wwnorton.com/books/9781324005872,,Sid Meier,,,,,2020,9781324005872,
Disrupting the Game (2022),Media,Book or paper,Memoir,How Nintendo of America marketed play to mainstream US families (DS/Wii/Switch eras). Framed as leadership lessons.,US; JP,English,,https://www.harpercollinsleadership.com/9781400226672/disrupting-the-game/,,Reggie Fils-Aimé,,,,,2022,9781400226672,
"The Ultimate History of Video Games, Vol. 1 (2001)",Media,Book or paper,Popular nonfiction,From the arcade to television and from the PC to the handheld device,US; JP; Global,English,,https://www.amazon.com/dp/0761536434?lv=shuf&channelId=500&plpRedirect=mhFallback,,Steven L. Kent,,,,,2001,9780761536437,
"The Ultimate History of Video Games, Vol. 2 (2021)",Media,Book or paper,Popular nonfiction,Great intel on the console wars 1994 to the 2010s: Nintendo/Sega/Sony/Microsoft platform competition,US; JP; Global,English,,https://www.penguinrandomhouse.com/books/606192/the-ultimate-history-of-video-games-volume-2-by-steven-l-kent/,,Steven L. Kent,,,,,2021,9781984825438,
Playing with Reality (2024),Media,Book or paper,Popular nonfiction,"Intellectual history of games as models of reality including war games, game theory, gamification, AI",Global,English,,https://www.penguinrandomhouse.com/books/700440/playing-with-reality-by-kelly-clancy/,,Kelly Clancy,,,,,2024,9780593538180,
Everything to Play For (2024),Media,Book or paper,Popular nonfiction,"Politics and labor of the games industry, including monetization critique, worker organizing, games as civic space",Global,English,,https://www.versobooks.com/products/3086-everything-to-play-for,,Marijam Did,,,,,2024,9781804293249,
Everything I Need I Get from You (2022),Media,Book or paper,Popular nonfiction,"How fangirl communities built the mechanics of the social internet, including fandom economies and platform culture. This is really about One Direction but there are lessons for how game communities are/were built.",US; Global,English,,https://us.macmillan.com/books/9780374539184/everythingineedigetfromyou/,,Kaitlyn Tiffany,,,,,2022,9780374539184,
I Am Error (2015),Media,Book or paper,Academic (readable),"The deepest study of the Famicom/NES as a platform revealing how hardware constraints shaped play culture in JP and US. Technical in places (yay, chip architecture).",US; JP,English,,https://mitpress.mit.edu/9780262534543/i-am-error/,,Nathan Altice,,,,,2015,9780262534543,
Otaku and the Struggle for Imagination in Japan (2019),Media,Book or paper,Academic (readable),"What otaku fandom means culturally (much deeper analysis than you'll get elsewhre). Based on years of fieldwork. Dwells on character love, Akihabara, moral panic, and Cool Japan co-optation",JP,English,,https://www.dukeupress.edu/otaku-and-the-struggle-for-imagination-in-japan,,Patrick W. Galbraith,,,,,2019,9781478006299,
Ask Iwata (2021),Media,Book or paper,Memoir,Nintendo's design and leadership philosophy in Iwata's own words An English translation of the Japanese original.,JP,English; Japanese,,https://www.simonandschuster.co.uk/books/Ask-Iwata/Hobonichi/9781974721542,,"Satoru Iwata (ed. Hobonichi, trans. Sam Bett)",,,,,2021,9781974721542,
The Creative Gene (2021),Media,Book or paper,Memoir,How a Japanese auteur designer metabolizes books/film/music into games An English translation of the Japanese original.,JP,English; Japanese,,https://www.viz.com/read/book/creative-gene/product/6834,,Hideo Kojima (trans. Nathan Collins),,,,,2021,9781974725915,
The Immersive Enclosure (2022),Media,Book or paper,Academic (readable),How Japan's VR culture diverged from US techno-utopianism (more like VR as personal-space renegotiation),JP,English,,https://cup.columbia.edu/book/the-immersive-enclosure/9780231555968/,,Paul Roquet,,,,,2022,9780231555968,
Monster Kids (2022),Media,Book or paper,Popular nonfiction,How Pokémon's toy-media-game franchise machine worked and taught a generation that collecting was play,JP; US,English,,https://www.hachettebookgroup.com/titles/daniel-dockery/monster-kids/9780762479511/?lens=running-press,,Daniel Dockery,,,,,2022,9780762479511,
Sharing a House with the Never-Ending Man (2020),Media,Book or paper,Memoir,"How Studio Ghibli negotiated Disney, licensing, and cultural translation. Adjacent to gaming but cool",JP,English,,https://www.stonebridge.com/catalog/sharing-a-house-with-the-never-ending-man,,Steve Alpert,,,,,2020,9781611720570,
Manga in America (2016),Media,Book or paper,Academic (readable),How manga publishing was domesticated for the US,JP; US,English,,https://caseybrienza.com/,,Casey Brienza,,,,,2016,9781472595874,
K-pop Live (2018),Media,Book or paper,Academic (readable),"How Korean fandom, liveness, and multimedia performance work. More focused on music (everything in Korea is). Great as a complement to The Birth of Korean Cool.",KR,English,,https://www.sup.org/books/asian-studies/k-pop-live,,Suk-Young Kim,,,,,2018,9781503605992,
Smartland Korea (2017),Media,Book or paper,Academic (readable),"Korea's mobile ecosystem and youth smartphone/gaming culture. A snapshot from 2017 snapshot, which is pre-Chzzk and pre-current webtoon and game platform consolidation",KR,English,,https://press.umich.edu/Books/S/Smartland-Korea2,,Dal Yong Jin,,,,,2017,9780472053377,
Global Esports (2021),Media,Book or paper,Academic (readable),The strongest single volume with Korean esports historiography (StarCraft-to-LoL spectatorship) in English. Academic.,KR; Global,English,,https://www.sfu.ca/communication/people/faculty/dal-yong-jin/dal-yong-jin/books.html,,Dal Yong Jin (ed.),,,,,2021,9781501368776,
Understanding Korean Webtoon Culture (2022),Media,Book or paper,Academic (readable),"Webtoons as transmedia IP engines including snack culture, binge-reading, and platform economics (Naver/Kakao). Gaming adjacent.",KR,English,,https://www.hup.harvard.edu/books/9780674291317,,Dal Yong Jin,,,,,2022,9780674291317,
Influence Empire (2022),Media,Book or paper,Business history,"The story of Tencent (the world's biggest games company), WeChat, and state-platform dynamics",CN; Global,English,,https://www.hodder.co.uk/titles/lulu-chen/influence-empire-the-story-of-tecent-and-chinas-tech-ambition/9781529346855/,,Lulu Yilun Chen,,,,,2022,9781529346855,
Mapping Digital Game Culture in China (2020),Media,Book or paper,Academic (readable),"The cultural meanings of gaming in urban China including internet-addiction panic, wangba nostalgia, esports legitimation, and diaosi identity. pre-Genshin and pre-2021 minor playtime restrictions",CN,English,,https://palgrave.com/gp/book/9783030361105,,Marcella Szablewicz,,,,,2020,9783030361105,
TikTok Boom (2021),Media,Book or paper,Industry journalism,ByteDance's algorithmic playbook and the short video economy of Douyin/TikTok,CN; Global,English,,https://www.canburypress.com/products/tiktok-boom-by-chris-stokel-walker-isbn-9781912454822-paperback,,Chris Stokel-Walker,,,,,2021,9781912454822,
Blockchain Chicken Farm (2020),Media,Book or paper,Popular nonfiction,"Tech culture in rural China including platform labor, e-commerce villages, and the texture behind the megacity narrative. Gaming adjacent.",CN,English,,https://www.fsgoriginals.com/books/blockchain-chicken-farm,,Xiaowei Wang,,,,,2020,9780374538668,
"Anuario DeVuego 2025 (2026 (covering 2025, annual series))",Media,Book or paper,Industry yearbook,"The only print annual dedicated to a national games industry in this pack, and a citable year-by-year record of Spanish development, from the same database that powers the DeVuego site. Covers releases, studios, data and essays.",ES,Spanish,,https://www.devuego.es/,,DeVuego (ed. Héroes de Papel),,,,,"2026 (covering 2025, annual series)",,
Christopher Dring,People,Person,Individual,Publishes UK and EU sales charts and market data commentary nobody else assembles. Interviews platform holders on the record,Global; UK; EU,English,,https://www.linkedin.com/in/christopher-dring-236b3211/,,"Founder, The Game Business (ex-GamesIndustry.biz)",,,Market analysts,Linkedin,,,
Jason Schreier,People,Person,Individual,"Breaking industry-structure reporting (layoffs, acquisitions, studio mismanagement) with primary sourcing. Also covers the labor angle no analyst touches",US; Global,English,,https://bsky.app/profile/jasonschreier.bsky.social,,"Reporter, Bloomberg",,,Market analysts,Bluesky + Bloomberg,,,
Joost van Dreunen,People,Person,Individual,Academic-grade frameworks applied to current deals and platform strategy. Bridges investor and scholarly views of the industry,Global,English,,https://www.linkedin.com/in/joostvandreunen/,,"NYU Stern, SuperJoost Playlist",,,Market analysts,LinkedIn,,,
Mat Piscatella,People,Person,Individual,"Posts the monthly US sales/MAU charts everyone else screenshots. Threads add methodology context (e.g., 2026 digital-projection change) unavailable elsewhere",US,English,,https://bsky.app/profile/matpiscatella.bsky.social,,"Senior Director & Video Game Industry Advisor, Circana",,,Market analysts,Bluesky,,,
Matthew Ball,People,Person,Individual,Long-form structural essays on games/media economics ('The State of Video Gaming' decks) that set industry-wide framing for a year at a time,Global,English,,https://x.com/ballmatthew/,,"CEO, Epyllion",,,Market analysts,X,,,
Piers Harding-Rolls,People,Person,Individual,Console/subscription market sizing and M&A analysis from one of the few independent UK research shops. Regular public columns,Global,English,,https://www.linkedin.com/in/piers-harding-rolls-460b032/,,"Head of Games Research, Ampere Analysis",,,Market analysts,LinkedIn,,,
Simon Carless,People,Person,Individual,"The reference source for Steam/PC discoverability data: wishlist conversion, platform trends, monthly new-release charts",Global,English,,https://www.linkedin.com/in/simoncarless/,,"Founder, GameDiscoverCo",,,Market analysts,LinkedIn,,,
Stephen Totilo,People,Person,Individual,"Original reporting on platform policy, ratings boards, and company decisions. Breaks primary-document stories (FTC filings, lawsuits) usable as Tier A sources",US; Global,English,,https://x.com/stephentotilo?lang=en,,"Founder, Game File",,,Market analysts,X,,,
Eric Benjamin Seufert,People,Person,Individual,"The reference analyst on mobile ad-tech, ATT/privacy fallout, and platform economics. Annual mobile-gaming predictions are an industry fixture",Global,English,,https://x.com/eric_seufert?lang=en,,"Mobile Dev Memo, Heracles Capital",,,Mobile / F2P economics,X,,,
Matej Lancaric,People,Person,Individual,"Granular, practitioner-level UA and creative-strategy teardowns of specific live mobile titles. Names numbers and networks",Global,English,,https://www.linkedin.com/in/matejlancaric/,,"Independent UA consultant, Brutally Honest newsletter, two & a half gamers podcast",,,Mobile / F2P economics,Linkedin,,,
Michail Katkoff,People,Person,Individual,Systems-level deconstructions of top-grossing F2P games and annual 'state of mobile' reviews. The standard vocabulary for F2P design analysis,Global,English,,https://www.linkedin.com/in/michailkatkoff/,,"Founder, Deconstructor of Fun",,,Mobile / F2P economics,Linkedin,,,
Phillip Black,People,Person,Individual,"Applies actual economics training (pricing theory, market design) to game monetization. The analytical layer above standard F2P commentary",Global,English,,https://www.linkedin.com/in/phillip-black-economist/,,"Co-host, Game Economist Cast",,,Mobile / F2P economics,Linkedin,,,
Jakub Remiar,People,Person,Individual,Game designer using psychological background to better understand player experience and current market trends in the games industry.,Global,English,,https://www.linkedin.com/in/jakubremiar/,,Product & Game Design Consultant,,,Mobile / F2P economics,Linkedin,,,
Anton Slashcev,People,Person,Individual,Co-founder of Unlock Games and Dino Games,Global,English,,https://www.linkedin.com/in/aslashcev/,,Founder @ Playhero,,,Other,Linkedin,,,
Ashley Kang (강지혜),People,Person,Individual,"The main English-language bridge into LCK/Korean esports. On-the-ground reporting and interviews, plus rare public documentation of Korean team-press dynamics. Secondary beat: esports business",KR,English,,https://www.youtube.com/@ashleykang_89,,"Founder, Korizon Esports",,,Korea,YouTube,,,
Kim Seong-hoe (김성회),People,Person,Individual,"The de facto public-policy explainer for Korean gaming: led the 210,751-signatory constitutional challenge to the Game Industry Act's pre-censorship clause, testified at National Assembly audits, presented at a presidential 민생토론회 on loot-box odds. Video format but the function is regulation/industry explanation. Scope-rule borderline, curator's call",KR,Korean,,https://www.youtube.com/channel/UCZ0bi2aVJngKLwFTU5g_fLQ,,"Ex-game developer, runs 김성회의 G식백과",,,Korea,YouTube,,,
Lee Jang-ju (이장주),People,Person,Individual,"The main Korean academic voice countering gaming-disorder/질병코드 framing with psychological research. Regular columns (Edaily, 게임뷰) analyzing hits like 붉은사막 through cultural psychology, the KR parent/family/anxiety discourse layer. Secondary beat: kids, family & platform policy",KR,Korean,,https://edaily.co.kr/News/Read?mediaCodeNo=257&newsId=04736326645514520,,"Director, 이락디지털문화연구소, cultural psychologist (PhD)",,,Korea,"Press columns (Edaily, ETnews, 게임뷰) + conferences",,,
Lee Kyung-hyuk (이경혁),People,Person,Individual,"Runs Korea's dedicated games-criticism webzine. PhD work on games as time-rights commodities. Author of 『현질의 탄생』 on Korean monetization culture, the meaning layer KR trade press doesn't cover",KR,Korean,,https://www.gamegeneration.or.kr/writer/c9d5981d-c085-4be8-b552-b54bb5e48226,,"Editor-in-chief, GameGeneration (게임제너레이션), director, Dragon Lab",,,Korea,gamegeneration.or.kr + books/columns,,,
Lim Hui-seok (임희석),People,Person,Individual,"Sell-side games analyst posting a daily public Telegram digest: KR/global games news, Google Play grossing rank movements, and his own coverage notes (Krafton, NCSoft, Nexon) in near-real time. The single fastest public feed on Korean publisher performance",KR,Korean,,https://t.me/s/mirae_internet,,"Internet/Games Analyst, Mirae Asset Securities",,,Korea,Telegram,,,
Wi Jong-hyun (위정현),People,Person,Individual,"The most-quoted academic voice on KR game policy: P2E, loot-box regulation, China export licenses. Runs his own strategy-commentary YouTube channel",KR,Korean,,https://www.youtube.com/channel/UCYLiOIt26R4eNoQC2DKleBg,,"Professor, Chung-Ang University, Korea Game Society",,,Korea,YouTube,,,
David Gibson,People,Person,Individual,"Sell-side coverage of Nintendo/Sony posted publicly in near-real time: hardware forecasts, tariff/pricing math, earnings reads. Frequently ahead of trade press",JP,English,,https://x.com/gibbogame,,"Senior Analyst, MST Financial (Tokyo/Adelaide)",,,Japan,X (@gibbogame),,,
Jini,People,Person,Individual,"Japan's leading independent paid games-criticism operation on note.com. Long-form analysis of games as culture and business, JP industry context unavailable in English",JP,Japanese,,https://note.com/j1n1,,"Writer/editor, ゲームゼミ / Interacrit, lecturer, Tokyo University of the Arts",,,Japan,note.com,,,
Dr. Serkan Toto,People,Person,Individual,"Tokyo-based consultant translating JP industry filings and moves for a global audience in real time (e.g., Pokémon Co. financials from Kanpo gazette filings)",JP,English,,https://x.com/serkantoto/,,"CEO, Kantan Games (Tokyo)",,,Japan,X,,,
Chenyu Cui,People,Person,Individual,"Published APAC market monitors spanning China and Korea PC/online markets, one of few analysts covering both under one methodology. Secondary beat: Korea. Reports are paid.",CN; KR,English,,https://omdia.tech.informa.com,,"Senior Analyst, Games, Omdia (Shanghai)",,,China,Omdia research,,,
Daniel Ahmad,People,Person,Individual,"The default English-language source on China game approvals, regulation, and Tencent/NetEase strategy. @ZhugeEX threads are the fastest reliable read on ISBN batches. Secondary beat: market analysts",CN,English,,https://x.com/ZhugeEX?lang=en,,"Director of Research & Insights, Niko Partners",,,China,X,,,
Hongyu 'Eddie' Chen,People,Person,Individual,"Described as the only China-based Chinese journalist writing esports business for Western media: Hero Esports/VSPO, tournament economics, sponsorships from inside the market. Secondary beat: esports business",CN,English,,https://www.linkedin.com/in/hongyu-chen-54b2a513b/,,"APAC Coordinator, The Esports Advocate",,,China,X,,,
Josh Ye,People,Person,Individual,"Wire-service reporting on Tencent, NetEase, and China gaming regulation with primary sourcing. Career-long games beat (ex-SCMP/Abacus)",CN,English,,https://x.com/ByJoshYe,,"Tech Correspondent, Reuters (Hong Kong)",,,China,X,,,
Lisa Hanson,People,Person,Individual,20+ years of China market modeling. Podcast and Substack appearances explain regulatory and market-entry dynamics at the strategic level,CN,English,,https://www.linkedin.com/in/lisa-cosmas-hanson-49193/,,"CEO, Niko Partners",,,China,LinkedIn,,,
Tobias Seck,People,Person,Individual,"The rare esports writer with a finance-analyst background, reading earnings reports and insolvency filings rather than press releases",Global,English,,https://esportsadvocate.net/author/tobias_seck/,,"Co-founder & business analyst, The Esports Advocate",,,Esports business,esportsadvocate.net,,,
Andy Robertson,People,Person,Individual,"Runs the largest hand-researched family games database (3,700+ titles) with PEGI/accessibility/parental-control detail. Live reporting from family-gaming events",UK; Global,English,,https://x.com/GeekDadGamer,,"Founder, Family Video Game Database, author, Taming Gaming, freelance (Forbes/BBC/Guardian)",,,Kids family & platform policy,X,,,
"Rachel Kowert, PhD",People,Person,Individual,"Monthly digests of trust & safety, extremism, and mental-health research in games, translated for practitioners. Has testified to US Congress. Secondary beat: academics who post",Global,English,,https://www.linkedin.com/in/rachelkowert/,,"Research psychologist, founder, Psychgeist, Visiting Researcher, Cambridge",,,Kids family & platform policy,LinkedIn,,,
Sonia Livingstone,People,Person,Individual,"Leads the research program behind most serious UK/EU children's-digital-rights policy (RITEC, age-appropriate design). The 'Parenting for a Digital Future' blog posts ongoing research",UK; EU,English,,https://www.linkedin.com/in/sonia-livingstone-6b0b8712/,,"Professor, LSE, Digital Futures for Children",,,Kids family & platform policy,Linkedin,,,
Dal Yong Jin,People,Person,Individual,"The central scholar of Korean game industry and platform imperialism in English, essential where the Korea shelf is thin. Steady stream of new books/papers",KR,English,,https://www.sfu.ca/communication/team/faculty/dal-yong-jin.html,,"Distinguished Professor, Simon Fraser University",,,Academics who post,Academic publications,,,
Marc Steinberg,People,Person,Individual,"Platform studies and Japan's media-mix economy, the theoretical framework behind how JP games/IP franchising actually works",JP,English,,https://x.com/msteinbrg,,"Professor, Concordia University",,,Academics who post,X,,,
Mia Consalvo,People,Person,Individual,"Long-running research on cheating, monetization ethics, and player cultures. Regularly posts and podcasts about current games research",Global,English,,https://www.concordia.ca/faculty/mia-consalvo.html,,"Professor, Concordia University",,,Academics who post,Academic publications,,,
Salone Sehgal,People,Person,Individual,India (IN): the most-quoted analyst on Indian gaming market structure. Leads the State of India report and gave the definitive framing of the post-RMG-ban market reset. Active through the 2025 report cycle and 2026 press,IN,English,,https://www.linkedin.com/in/salone-sehgal-b758693/,,"Founding General Partner, Lumikai",,,Other,LinkedIn,,,
Rishi Alwani,People,Person,Individual,"India (IN): two decades covering the console/PC side of the Indian market (pricing, distribution, platform-holder neglect) and a reliable corrective to gambling-adjacent PR framing. Publishing through 2026",IN,English,,https://x.com/RishiAlwani,,"Co-founder, The Mako Reactor, bylines in Yahoo Finance India, IGN India",,,Other,X,,,
Ernesto Piedras,People,Person,Individual,Mexico (MX): the economist behind essentially all recurring Mexican gaming market data. Publishes gaming/telecom analyses continuously (console-market piece July 2026) and is the default expert quoted by national business press,MX,Spanish,,https://x.com/ernestopiedras?lang=es,,"Director General, The CIU",,,Other,X,,,
Hugo Abel Castro Duarte,People,Person,Individual,"Mexico (MX): the most visible advocate-explainer of the Mexican dev industry. Fiscal policy, LatAm positioning, industry formalization. A trade-association president and event owner, so read as informed advocacy, not neutral analysis",MX,Spanish,,https://www.linkedin.com/in/hugo-abel-castro-%F0%9F%94%9C-san-diego-comic-con-9915a477/,,"President, GDMEX, director of Gamacon",,,Other,LinkedIn,,,
Darang S. Candra,People,Person,Individual,"SEA: the most consistently cited analyst on Southeast Asian gaming. Market models, esports economics, cybercafé and regulation analysis across all six markets. A decade of research experience and active through 2026",SEA,English; Bahasa Indonesia,,https://www.linkedin.com/in/darangcandra/,,"Director for Southeast Asia & East Asia Research, Niko Partners (Jakarta-based)",,,Other,Linkedin,,,
Ozan Aydemir,People,Person,Individual,Turkey (TR): the person behind the sector's primary reference report for a decade. His commentary frames each year's data (2026: the shift from user growth to engagement depth). Quoted by every national outlet covering the market,TR; MENA,Turkish; English,,https://www.linkedin.com/in/ozanaydemir/,,"CEO, Gaming in Türkiye, MENA and EU, author of the Türkiye Game Market Report",,,Other,Linkedin,,,
KooPee Hiltunen,People,Person,Individual,Nordics (Finland): the most-quoted explainer of the Finnish industry's condition. Writes candid state-of-the-industry analyses (including a frank 2026 assessment of the funding and layoff climate) rather than promotional summaries,Nordics,English; Finnish,,https://www.linkedin.com/in/koopee-hiltunen-19226/,,"Director, Neogames Finland",,,Other,Linkedin,,,
Johanna Nylander,People,Person,Individual,"Nordics (Sweden): editor of the bloc's flagship data series and its research team lead, the person behind the methodology every Swedish industry figure rests on. Current through the 2025 edition",Nordics,Swedish; English,,https://www.linkedin.com/in/johannanylander/,,"Editor, Spelutvecklarindex / Game Developer Index (Dataspelsbranschen)",,,Other,Linkedin,,,
"Bluesky starter pack directory, games sections",People,Link list,List,"The single durable entry point to the Bluesky curated-list layer. Its games journalism, game journalists and gaming journalism sections index roughly 28 packs between them, covering critics, magazine makers, journalists turned developers and per-outlet staff lists. Start here rather than trying to keep a roster of packs current.",Global,English; Multilingual,,https://blueskystarterpack.com/gaming-journalism,,,,,"Entry point, all beats",Web directory indexing Bluesky,,,
"Games Writers, by Reconnect",People,Link list,List,"Over 200 games writers in one pack, the largest games-writing list found in this scan. The companion to reconnect.quest and the best single starting point for Anglophone games writing.",Global,English,,https://blueskystarterpack.com/starter-packs/@antranaut.com/games-writers-by-reconnect-3lc4s6znr352j,,,,,"Games writing, all beats",Bluesky,,,
Reconnect (reconnect.quest),People,Link list,List,"An aggregator of games writing with per-writer pages rather than a follow list, so it routes to the work instead of the account. Useful where you want to read someone before deciding to follow them.",Global,English,,https://www.reconnect.quest,,,,,"Games writing, aggregation",Web,,,
"JV, Culture Jeu Vidéo (journalistes)",People,Link list,List,"The Bluesky accounts of journalists writing for JV magazine. Narrow by design and therefore useful, since it maps one French outlet's masthead rather than the whole market.",FR,French,,https://blueskystarterpack.com/starter-packs/@jvlemag.com/jv-culture-jeu-video-journalistes-3lbh52ypu4w24,,,,,French games journalism,Bluesky,,,
Gente guay de los videojuegos a la que seguir,People,Link list,List,"Press, developers, writers and industry professionals working in games in Spain. Cross-market rather than single-outlet, which makes it the broadest Spanish-language entry point found here.",ES,Spanish,,https://blueskystarterpack.com/starter-packs/@hekothedolphin.bsky.social/gente-guay-de-los-videojuegos-a-la-que-seguir-3lb5uwge7jr2d,,,,,"Spanish games press, developers and writers",Bluesky,,,
Video Game Critics & Journalists,People,Link list,List,"People who write about games, described by its curator as running from investigative reporters to tastemakers. A second volume exists, which is a signal the first filled up.",Global,English,,https://blueskystarterpack.com/starter-packs/@brianbarnett.bsky.social/video-game-critics-journalists-3lakktnqokl2t,,,,,Games criticism and reporting,Bluesky,,,
Game Journos turned Game Devs,People,Link list,List,"People who moved from writing about games to making them. A niche no general pack covers, and useful for tracing how the press and development layers connect.",Global,English,,https://blueskydirectory.com/starter-packs/a/56727-game-journos-turned-game-devs-starter-pack,,,,,"Career crossover, games press to development",Bluesky,,,
Namu Wiki (나무위키),Communities,Forum or community,Community wiki,"Korea's de facto encyclopedia of games, streamer, and fandom culture. Unmatched for context and controversy timelines. Crowd-edited and unreliable for facts.",KR,Korean,,https://namu.wiki,,,,,,,,,
DC Inside (디시인사이드),Communities,Forum or community,Forum,"Korea's imageboard culture, with gallery boards per game/streamer that reveal fan-community temperature.",KR,Korean,,https://dcinside.com,,,,,,,,,
Ruliweb (루리웹),Communities,Forum or community,Forum,"Long-running KR console/gaming community. Offers deals, reactions, and sentiment. (News desk exists but minor.)",KR,Korean,,https://ruliweb.com,,,,,,,,,
5ch (５ちゃんねる),Communities,Forum or community,Imageboard,"JP anonymous forum culture, where the game boards show unfiltered player discourse. The substrate the matome ecosystem feeds on.",JP,Japanese,,https://5ch.net,,,,,,,,,
Yahoo! Chiebukuro (知恵袋),Communities,Forum or community,Platform-native,"TEXTURE-BUT-VALUABLE: what ordinary JP players and parents actually ask, in their own words. Japan's direct analogue to Naver 지식iN. Good for parent anxieties in the wild.",JP,Japanese,,https://chiebukuro.yahoo.co.jp,,,,,,,,,
note.com,Communities,Forum or community,Platform-native,"Where JP developers, analysts, and superfans write long-form. Basically a JP Substack, Japan's Medium. Quality is author-dependent.",JP,Japanese,,https://note.com,,,,,,,,,
"Reddit (r/Games, country + game subs)",Communities,Forum or community,Social platform,"EN community sentiment, term discovery, and finding niche expertise fast. The US analogue to Naver 카페 / Yahoo!知恵袋. r/parenting, r/lego, r/Games, r/Minecraft, r/roblox = lived practice and parent anxiety in native voice.",US; Global,English,,https://reddit.com,,,,,,,,,
ResetEra,Communities,Forum or community,Forum,"Industry-adjacent EN enthusiast forum with insider-adjacent discussion, sales threads, and industry gossip.",US; Global,English,,https://resetera.com,,,,,,,,,
Steam reviews & forums,Communities,Forum or community,Platform-native,"Player language in the wild, filterable by review language, offering a free window into reception across countries (use browser translate tools).",Global,Multilingual,,https://steamcommunity.com,,,,,,,,,
Fandom wiki network,Communities,Forum or community,Community wiki,"Per-game documentation, so it's useful for understanding what a game actually contains. Community wikis: the US analogue to namu.wiki / ニコニコ大百科.",Global; US,Multilingual,,https://fandom.com,,,,,,,,,
Fórum Outer Space,Communities,Forum or community,Forum,"Texture, terminology and sentiment across console/PC communities. Long thread history makes it useful for how debates evolved.",BR,Portuguese,,https://forum.outerspace.com.br/,,,,,,,,,
Fórum Adrenaline,Communities,Forum or community,Forum,PC-builder and price-sensitivity culture. The OFERTAS (deals) section is a live window on what Brazilian gamers actually pay for.,BR,Portuguese,,https://forum.adrenaline.com.br/,,,,,,,,,
r/IndianGaming,Communities,Forum or community,Subreddit,"Texture on pricing outrage, import/tax pain, PC-build culture and platform sentiment. Skews PC/console and metro, so it under-represents the mobile mainstream. Hinglish is common. The main pan-India gaming community online.",IN,English,,https://www.reddit.com/r/IndianGaming/,,,,,,,,,
IndianVideoGamer (IVG) Forums,Communities,Forum or community,Forum,"The old guard of Indian console gaming: longitudinal sentiment, buy/sell/borrow culture, retail and physical-media attitudes.",IN,English,,https://www.indianvideogamer.com/forums/,,,,,,,,,
BATTLEGROUNDS MOBILE INDIA official Discord,Communities,Forum or community,Discord server,"The single largest gathering of Indian gamers on Discord: patch sentiment, tournament chatter, squad-finding culture around the country's flagship title. Publisher-moderated, so criticism is bounded. Hinglish is common.",IN,English,,https://discord.com/invite/battlegroundsmobilein,,,,,,,,,
VALORANT INDIA Discord,Communities,Forum or community,Discord server,"The PC-competitive counterpart to BGMI's mobile mainstream: scrim culture, ranked grind talk, and the Valorant-first identity of India's younger PC scene. Fan-run. Hinglish is common.",IN,English,,https://discord.com/invite/valorantindia,,,,,,,,,
ESFI Discord,Communities,Forum or community,Discord server,"Where Team India selection actually happens: NESC registration, Global Esports Games qualifiers, and the athlete-side view of formalized esports.",IN,English,,https://discord.com/invite/esfi,,,,,,,,,
3GB: Foro 3GB,Communities,Forum or community,Forum,"Longitudinal Mexican gamer slang, console-war culture and hardware/price talk from a self-selected old guard. Useful for how the culture talks about itself. Modest activity.",MX,Spanish,,https://www.3gb.com.mx/forum/,,,,,,,,,
Kaskus: Forum Games,Communities,Forum or community,Forum,"The deepest indexable archive of Indonesian gamer talk: terminology, top-up culture, warnet nostalgia, per-game threads. Aging userbase. Younger talk has moved to Discord/WhatsApp/TikTok.",SEA,Bahasa Indonesia,,https://www.kaskus.co.id/forum/44/games/,,,,,,,,,
Pantip: ห้องเกม (games forum),Communities,Forum or community,Forum,"Thai player sentiment in the venue Thai press itself cites as a public-mood gauge: server complaints, publisher trust, gacha spending talk.",SEA,Thai,,https://pantip.com/forum/game,,,,,,,,,
VOZ (voz.vn),Communities,Forum or community,Forum,"The core of Vietnamese PC/gaming culture: hardware, games, and the live experience of regulation. VOZ itself had to demand national-ID verification from users under Decree 147, making it both a source and a case study.",SEA,Vietnamese,,https://voz.vn/,,,,,,,,,
Technopat Sosyal: Oyunlar,Communities,Forum or community,Forum,"Live Turkish player talk at scale: hardware/price anxiety (TL pricing is a national obsession), Türkçe yama (fan-translation) culture, platform trust threads.",TR,Turkish,,https://www.technopat.net/sosyal/kategori/oyunlar.50/,,,,,,,,,
DonanımHaber Forum,Communities,Forum or community,Forum,"Two decades of longitudinal Turkish gamer sentiment: epin/key-buying culture, console import economics, game-by-game megathreads.",TR,Turkish,,https://forum.donanimhaber.com/,,,,,,,,,
Ekşi Sözlük,Communities,Forum or community,Collaborative dictionary,"Cultural readouts on any gaming topic: an entry's history shows how Turkish internet culture has framed a game, a company, or a controversy over years. Irony-heavy register.",TR,Turkish,,https://eksisozluk.com/,,,,,,,,,
Mediavida,Communities,Forum or community,Forum,"The live center of Spanish core-gamer talk: esports scene debate, industry news reaction, and meta-commentary on the decline of other Spanish forums.",ES,Spanish,,https://www.mediavida.com/,,,,,,,,,
ElOtroLado (EOL),Communities,Forum or community,Forum,"Two decades of Spanish console culture: hardware scene history, retro collecting (arguably Spain's most active retro community), and compra/venta economics.",ES,Spanish,,https://www.elotrolado.net/,,,,,,,,,
Tweakers: Gaming,Communities,Forum or community,Forum,"The largest active Dutch-language discussion of games and hardware: pricing, platform debates, and consumer-rights threads. The closest thing NL has to a national gamer forum.",NL,Dutch,,https://tweakers.net/games/,,,,,,,,,
Gamekings community (Premium),Communities,Forum or community,Platform-native,Where a paying Dutch gaming audience actually talks. Notable because it proves a community-funded model survived the sell-off that destroyed the ad-funded outlets. Membership-gated.,NL,Dutch,,https://www.gamekings.nl/,,,,,,,,,
FZ Forum,Communities,Forum or community,Forum,"Thirty years of Swedish gamer talk, including candid meta-discussion of Swedish games media itself (the FZ-vs-Gamereactor threads are a useful primary source on Nordic media quality).",Nordics,Swedish,,https://www.fz.se/forum,,,,,,,,,
巴哈姆特哈拉區 (Bahamut forums),Communities,Forum or community,Forum,"The default home of Taiwanese player discussion, organised per title, with three decades of depth. Note the structural quirk: threads pushed off a board's limited pages become permanently unviewable unless archived to 精華區, so old sentiment can vanish.",TW,Traditional Chinese,,https://forum.gamer.com.tw/,,,,,,,,,
PTT: C_Chat / Steam boards,Communities,Forum or community,BBS,"Taiwan's most influential online opinion venue, where discourse that reaches mainstream Taiwanese media usually originates. Distinct register from Bahamut: faster, blunter, more meta. Account registration is restrictive and the Telnet interface is a genuine access barrier.",TW,Traditional Chinese,,https://www.ptt.cc/bbs/C_Chat/index.html,,,,,,,,,
FM Korea,Communities,Forum or community,Forum,"Korea's largest male-dominated (남초, namcho) community, grown from a 2008 Football Manager fan site into a general board where gaming, football, internet broadcasting (인방, inbang) and humor posts compete for the trending board (포텐, poten). The fastest read on how a game or streamer lands with young Korean men, with a documented anti-feminist and misogynistic streak a researcher must factor into everything found there.",KR,Korean,,https://fmkorea.com,,,,,,,,,
theqoo,Communities,Forum or community,Forum,"Large female-dominated (여초, yeocho) community centered on Korean entertainment, grown out of a J-pop fan site into the main hub for idol, drama and celebrity discussion, with boards like 케이돌토크 (K-idol Talk) driving most traffic. The place to read how a game, collab or brand moment plays inside K-pop fandom, particularly among adult women.",KR,Korean,,https://theqoo.net,,,,,,,,,
Girls Channel,Communities,Forum or community,Forum,"Anonymous Japanese forum launched in 2012 as a self-described women's 2channel, where admin-approved topics (トピック) on celebrity gossip, TV, family life and parenting run for 30 days with plus and minus voting on every comment. Its user base is predominantly women and skews older and married, which makes it a useful register for how mothers and housewives talk about children's games, screens and spending.",JP,Japanese,,https://girlschannel.net,,,,,,,,,
Ore-teki Game Sokuho JIN,Communities,Forum or community,Aggregation blog,"まとめサイト (matome site) that repackages 5ch threads, social posts and news into high-volume posts with editorial commentary. Running since 2006 and one of the two highest-traffic Japanese aggregators in games discourse. Useful for seeing which stories are travelling and how they are being framed for a mass Japanese audience. Coverage has widened well beyond games into celebrity, politics and general news. Content is rewritten rather than reported, so treat every claim as needing its primary source.",JP,Japanese,,https://jin115.com/,,,,,,,,,
Hachima Kiko,Communities,Forum or community,Aggregation blog,"まとめサイト (matome site) founded June 2007 by 清水鉄平 (Shimizu Teppei), repackaging 5ch threads and social posts with editorial commentary. Its own 2025 media kit claims 55 million monthly page views and 8.8 million monthly unique users, with an audience roughly 7 to 3 male and concentrated in the 25 to 34 band. Useful for gauging what reaches a mass Japanese audience and in what register. Coverage now spans games, anime, manga and general news, and content is rewritten rather than reported, so treat every claim as needing its primary source.",JP,Japanese,,https://blog.esuteru.com/,,,,,,,,,
Mamastar Community,Communities,Forum or community,Forum,Parent forum. Lived-practice texture.,JP,Japanese,,https://mamastar.jp,,,,,,,,,
Pixiv Encyclopedia,Communities,Forum or community,Community wiki,"User-written wiki attached to the illustration platform pixiv that documents the tags on fan art, so its entries explain characters, pairings, tropes and visual conventions in the terms fan artists actually use. The quickest way to decode an unfamiliar fandom tag or understand which characters and motifs a fan community is drawing and why. Community wiki.",JP,Japanese,,https://dic.pixiv.net,,,,,,,,,
Niconico Pedia,Communities,Forum or community,Community wiki,"Dwango-run wiki (大百科, daihyakka, ""great encyclopedia"") that explains the tags, memes and slang of Nico Nico Douga, with each entry carrying its own comment board (掲示板, keijiban) where users react in real time. Strong for tracing the origin and evolution of Japanese net memes, game slang and vocaloid-era video culture, with the comment boards doubling as a live sentiment feed.",JP,Japanese,,https://dic.nicovideo.jp,,,,,,,,,
4chan,Communities,Forum or community,Imageboard,"Toxic, but you probably already knew that.",US,English,,https://4chan.org,,,,,,,,,
X / Twitter,Communities,Forum or community,Social platform,Real-time discourse. Horrible place.,US,English,,https://x.com,,,,,,,,,
r/zocken,Communities,Forum or community,Subreddit,"General German-language player sentiment and discussion. The venue for German community temperature on Reddit, not r/de. Never for citation. The main German-language gaming community.",DE,German,,https://www.reddit.com/r/zocken,,,,,,,,,
r/PCGamingDE,Communities,Forum or community,Subreddit,"German-language PC gaming discussion, builds, and platform sentiment.",DE,German,,https://www.reddit.com/r/PCGamingDE,,,,,,,,,
r/jeuxvideo,Communities,Forum or community,Subreddit,"The main French-language gaming community. French player sentiment and discussion at scale, including esports threads. Not affiliated with the Webedia site jeuxvideo.com despite the shared name.",FR,French,,https://www.reddit.com/r/jeuxvideo,,,,,,,,,
r/italygames,Communities,Forum or community,Subreddit,"Italian player sentiment across PC, console, retro, and tabletop. The venue for Italian community temperature on Reddit, not r/italy. The main Italian gaming community.",IT,Italian,,https://www.reddit.com/r/italygames,,,,,,,,,
r/GameDevelopersItaly,Communities,Forum or community,Subreddit,"Italian-language developer discussion. Useful as a window on the Italian dev scene, which has no trade press.",IT,Italian,,https://www.reddit.com/r/GameDevelopersItaly,,,,,,,,,
r/gamesEcultura,Communities,Forum or community,Subreddit,Brazilian player sentiment where games meet wider geek culture. The biggest Reddit venue for Brazilian community temperature. The largest Brazilian gaming community.,BR,Portuguese,,https://www.reddit.com/r/gamesEcultura,,,,,,,,,
r/jogosbrasil,Communities,Forum or community,Subreddit,"Brazilian discussion of PC, console, and mobile games plus release and free-game news.",BR,Portuguese,,https://www.reddit.com/r/jogosbrasil,,,,,,,,,
r/playstationbrasil,Communities,Forum or community,Subreddit,"Brazilian platform-specific sentiment, pricing complaints, and buying culture on PlayStation.",BR,Portuguese,,https://www.reddit.com/r/playstationbrasil,,,,,,,,,
r/jogatina,Communities,Forum or community,Subreddit,Brazilian general games discussion.,BR,Portuguese,,https://www.reddit.com/r/jogatina,,,,,,,,,
r/VideojuegosMX,Communities,Forum or community,Subreddit,Mexican player sentiment and discussion.,MX,Spanish,,https://www.reddit.com/r/VideojuegosMX,,,,,,,,,
r/videojuegos,Communities,Forum or community,Subreddit,"Spanish-language player sentiment across Spain and Latin America. A language venue rather than a country venue, so read alongside the national subs.",ES; MX; LATAM,Spanish,,https://www.reddit.com/r/videojuegos/,,,,,,,,,
r/esGaming,Communities,Forum or community,Subreddit,Spanish player sentiment and discussion at scale. Sits alongside the Mediavida forum rather than replacing it.,ES,Spanish,,https://www.reddit.com/r/esGaming,,,,,,,,,
r/GeymingTr,Communities,Forum or community,Subreddit,"Turkish player sentiment in a casual register. The name is a phonetic spelling of gaming, an instance of the English loanword doing the work the betting-polluted word oyun cannot.",TR,Turkish,,https://www.reddit.com/r/GeymingTr,,,,,,,,,
r/oyun,Communities,Forum or community,Subreddit,"Turkish general games discussion, the second general venue alongside r/GeymingTr.",TR,Turkish,,https://www.reddit.com/r/oyun,,,,,,,,,
r/TrGameDeveloper,Communities,Forum or community,Subreddit,"Turkish developer discussion and publishing help. The largest gamedev subreddit found, consistent with Turkey's production-market profile.",TR,Turkish,,https://www.reddit.com/r/TrGameDeveloper,,,,,,,,,
r/TurkOyunSektoru,Communities,Forum or community,Subreddit,"Turkish industry and publishing discussion, the business side of the scene r/TrGameDeveloper covers from the craft side.",TR,Turkish,,https://www.reddit.com/r/TurkOyunSektoru,,,,,,,,,
r/saudi_gamers,Communities,Forum or community,Subreddit,Saudi and pan-Arab player sentiment. One of the few venues in the MENA stack with no institutional or state-linked owner.,MENA,Arabic,,https://www.reddit.com/r/saudi_gamers,,,,,,,,,
r/Iraqigamers,Communities,Forum or community,Subreddit,Iraqi player sentiment and memes.,MENA,Arabic,,https://www.reddit.com/r/Iraqigamers,,,,,,,,,
r/EgyptGaming and r/EgyptGaminGG,Communities,Forum or community,Subreddit,"Egyptian player sentiment across two communities of similar size. Neither is clearly primary from outside, so both are listed.",MENA,Arabic,,https://www.reddit.com/r/EgyptGaming,,,,,,,,,
r/Arabic_Games,Communities,Forum or community,Subreddit,"Arabic localization discourse, official and fan translations. Small but the only localization venue in this directory.",MENA,Arabic,,https://www.reddit.com/r/Arabic_Games,,,,,,,,,
r/Spel,Communities,Forum or community,Subreddit,"Swedish player sentiment, the one national-language venue in a bloc that otherwise uses English subreddits. The name reclaims the word spel, which in Swedish search otherwise pulls betting companies first.",Nordics,Swedish,,https://www.reddit.com/r/Spel,,,,,,,,,
Dutch gaming Reddit (r/GamingNL),Communities,Forum or community,Subreddit,"Dutch gamers use the international English subreddits, and the national sub r/GamingNL stays around 1.5K members in a country of 18 million.",NL,Dutch; English,,https://www.reddit.com/r/GamingNL,,,,,,,,,
r/PHGamers,Communities,Forum or community,Subreddit,"Philippine player sentiment across console, PC, mobile, and VR. The largest national gaming subreddit outside Europe, consistent with the Philippines' English-language position.",SEA,English,,https://www.reddit.com/r/PHGamers,,,,,,,,,
r/IndoGamer,Communities,Forum or community,Subreddit,"Indonesian player sentiment, predominantly in English. The local-language conversation sits on Kaskus, so this is the English-language layer only.",SEA,English,,https://www.reddit.com/r/IndoGamer,,,,,,,,,
r/VietnamGaming,Communities,Forum or community,Subreddit,"Vietnamese scene discussion, procurement, and gameplay, primarily in English. The local-language conversation sits on VOZ, so this is the English-language layer only.",SEA,English,,https://www.reddit.com/r/VietnamGaming,,,,,,,,,
